-55,0,-17,2
-55,0,-16,4
-55,0,-15,2
-55,0,-14,6
-55,0,-13,9
-55,0,-12,6
-55,0,-10,6
-55,0,-9,2
-54,0,-22,2
-54,0,-21,4
-54,0,-20,9
-54,0,-19,12
-54,0,-18,20
-54,0,-17,21
-54,0,-16,16
-54,0,-15,11
-54,0,-14,15
-54,0,-13,19
-54,0,-12,17
-54,0,-11,8
-54,0,-10,8
-54,0,-9,7
-54,0,-8,16
-54,0,-7,8
-54,0,-6,3
-54,0,-5,3
-54,0,-4,4
-53,0,-25,5
-53,0,-24,11
-53,0,-23,19
-53,0,-22,28
-53,0,-21,25
-53,0,-20,15
-53,0,-19,7
-53,0,-18,13
-53,0,-17,18
-53,0,-16,15
-53,0,-15,9
-53,0,-14,17
-53,0,-13,16
-53,0,-12,15
-53,0,-11,8
-53,0,-10,9
-53,0,-9,13
-53,0,-8,8
-53,0,-7,9
-53,0,-6,7
-53,0,-5,11
-53,0,-4,3
-53,0,-3,9
-53,0,-2,6
-53,0,-1,2
-53,0,0,1
-52,0,-28,5
-52,0,-27,15
-52,0,-26,19
-52,0,-25,26
-52,0,-24,10
-52,0,-23,22
-52,0,-22,14
-52,0,-21,22
-52,0,-20,17
-52,0,-19,9
-52,0,-18,14
-52,0,-17,19
-52,0,-16,13
-52,0,-15,15
-52,0,-14,13
-52,0,-13,11
-52,0,-12,10
-52,0,-11,11
-52,0,-10,12
-52,0,-9,6
-52,0,-8,10
-52,0,-7,7
-52,0,-6,9
-52,0,-5,8
-52,0,-4,8
-52,0,-3,10
-52,0,-2,8
-52,0,-1,7
-52,0,0,7
-52,0,1,2
-51,0,-30,5
-51,0,-29,13
-51,0,-28,19
-51,0,-27,21
-51,0,-26,27
-51,0,-25,17
-51,0,-24,18
-51,0,-23,7
-51,0,-22,18
-51,0,-21,18
-51,0,-20,15
-51,0,-19,17
-51,0,-18,12
-51,0,-17,17
-51,0,-16,11
-51,0,-15,8
-51,0,-14,11
-51,0,-13,16
-51,0,-12,11
-51,0,-11,10
-51,0,-10,11
-51,0,-9,9
-51,0,-8,7
-51,0,-7,11
-51,0,-6,10
-51,0,-5,8
-51,0,-4,8
-51,0,-3,7
-51,0,-2,7
-51,0,-1,4
-51,0,0,11
-51,0,1,2
-51,0,2,5
-50,0,-32,7
-50,0,-31,26
-50,0,-30,30
-50,0,-29,29
-50,0,-28,17
-50,0,-27,17
-50,0,-26,22
-50,0,-25,19
-50,0,-24,17
-50,0,-23,14
-50,0,-22,15
-50,0,-21,21
-50,0,-20,16
-50,0,-19,8
-50,0,-18,12
-50,0,-17,16
-50,0,-16,13
-50,0,-15,16
-50,0,-14,10
-50,0,-13,18
-50,0,-12,14
-50,0,-11,14
-50,0,-10,7
-50,0,-9,14
-50,0,-8,10
-50,0,-7,8
-50,0,-6,11
-50,0,-5,13
-50,0,-4,8
-50,0,-3,10
-50,0,-2,11
-50,0,-1,9
-50,0,0,14
-50,0,1,8
-50,0,2,3
-50,0,3,5
-50,0,4,5
-49,0,-34,5
-49,0,-33,17
-49,0,-32,20
-49,0,-31,22
-49,0,-30,21
-49,0,-29,26
-49,0,-28,16
-49,0,-27,18
-49,0,-26,17
-49,0,-25,18
-49,0,-24,12
-49,0,-23,12
-49,0,-22,14
-49,0,-21,19
-49,0,-20,13
-49,0,-19,17
-49,0,-18,5
-49,0,-17,25
-49,0,-16,15
-49,0,-15,19
-49,0,-14,11
-49,0,-13,16
-49,0,-12,10
-49,0,-11,16
-49,0,-10,9
-49,0,-9,8
-49,0,-8,12
-49,0,-7,15
-49,0,-6,7
-49,0,-5,8
-49,0,-4,13
-49,0,-3,12
-49,0,-2,9
-49,0,-1,9
-49,0,0,14
-49,0,1,8
-49,0,2,6
-49,0,3,3
-49,0,4,6
-49,0,5,4
-49,0,6,1
-48,0,-36,3
-48,0,-35,21
-48,0,-34,32
-48,0,-33,26
-48,0,-32,17
-48,0,-31,15
-48,0,-30,19
-48,0,-29,18
-48,0,-28,18
-48,0,-27,10
-48,0,-26,14
-48,0,-25,21
-48,0,-24,15
-48,0,-23,17
-48,0,-22,7
-48,0,-21,20
-48,0,-20,13
-48,0,-19,20
-48,0,-18,9
-48,0,-17,13
-48,0,-16,13
-48,0,-15,17
-48,0,-14,14
-48,0,-13,9
-48,0,-12,18
-48,0,-11,16
-48,0,-10,12
-48,0,-9,10
-48,0,-8,9
-48,0,-7,14
-48,0,-6,15
-48,0,-5,8
-48,0,-4,10
-48,0,-3,12
-48,0,-2,10
-48,0,-1,8
-48,0,0,21
-48,0,1,7
-48,0,2,6
-48,0,3,8
-48,0,4,5
-48,0,5,6
-48,0,6,5
-48,0,7,5
-48,0,8,2
-47,0,-37,10
-47,0,-36,17
-47,0,-35,25
-47,0,-34,23
-47,0,-33,23
-47,0,-32,19
-47,0,-31,17
-47,0,-30,19
-47,0,-29,23
-47,0,-28,17
-47,0,-27,18
-47,0,-26,9
-47,0,-25,20
-47,0,-24,18
-47,0,-23,22
-47,0,-22,10
-47,0,-21,14
-47,0,-20,15
-47,0,-19,18
-47,0,-18,16
-47,0,-17,19
-47,0,-16,14
-47,0,-15,12
-47,0,-14,16
-47,0,-13,21
-47,0,-12,10
-47,0,-11,9
-47,0,-10,18
-47,0,-9,12
-47,0,-8,11
-47,0,-7,7
-47,0,-6,15
-47,0,-5,10
-47,0,-4,11
-47,0,-3,6
-47,0,-2,17
-47,0,-1,10
-47,0,0,17
-47,0,1,11
-47,0,2,8
-47,0,3,5
-47,0,4,10
-47,0,5,5
-47,0,6,5
-47,0,7,6
-47,0,8,4
-47,0,9,1
-46,0,-39,2
-46,0,-38,24
-46,0,-37,31
-46,0,-36,21
-46,0,-35,10
-46,0,-34,24
-46,0,-33,14
-46,0,-32,19
-46,0,-31,16
-46,0,-30,17
-46,0,-29,18
-46,0,-28,18
-46,0,-27,23
-46,0,-26,10
-46,0,-25,18
-46,0,-24,14
-46,0,-23,20
-46,0,-22,15
-46,0,-21,20
-46,0,-20,21
-46,0,-19,16
-46,0,-18,28
-46,0,-17,26
-46,0,-16,15
-46,0,-15,23
-46,0,-14,26
-46,0,-13,36
-46,0,-12,23
-46,0,-11,8
-46,0,-10,17
-46,0,-9,16
-46,0,-8,18
-46,0,-7,10
-46,0,-6,11
-46,0,-5,11
-46,0,-4,13
-46,0,-3,14
-46,0,-2,9
-46,0,-1,8
-46,0,0,22
-46,0,1,7
-46,0,2,9
-46,0,3,15
-46,0,4,6
-46,0,5,5
-46,0,6,8
-46,0,7,3
-46,0,8,6
-46,0,9,2
-46,0,10,4
-45,0,-40,5
-45,0,-39,27
-45,0,-38,25
-45,0,-37,26
-45,0,-36,21
-45,0,-35,20
-45,0,-34,20
-45,0,-33,28
-45,0,-32,17
-45,0,-31,15
-45,0,-30,15
-45,0,-29,19
-45,0,-28,18
-45,0,-27,20
-45,0,-26,15
-45,0,-25,17
-45,0,-24,18
-45,0,-23,31
-45,0,-22,17
-45,0,-21,35
-45,0,-20,30
-45,0,-19,25
-45,0,-18,23
-45,0,-17,23
-45,0,-16,28
-45,0,-15,28
-45,0,-14,25
-45,0,-13,26
-45,0,-12,23
-45,0,-11,16
-45,0,-10,15
-45,0,-9,18
-45,0,-8,15
-45,0,-7,17
-45,0,-6,14
-45,0,-5,13
-45,0,-4,9
-45,0,-3,10
-45,0,-2,16
-45,0,-1,17
-45,0,0,14
-45,0,1,7
-45,0,2,9
-45,0,3,9
-45,0,4,5
-45,0,5,7
-45,0,6,4
-45,0,7,9
-45,0,8,2
-45,0,9,6
-45,0,10,5
-44,0,-41,14
-44,0,-40,17
-44,0,-39,19
-44,0,-38,33
-44,0,-37,21
-44,0,-36,17
-44,0,-35,17
-44,0,-34,19
-44,0,-33,20
-44,0,-32,18
-44,0,-31,23
-44,0,-30,16
-44,0,-29,11
-44,0,-28,20
-44,0,-27,28
-44,0,-26,33
-44,0,-25,28
-44,0,-24,26
-44,0,-23,39
-44,0,-22,19
-44,0,-21,19
-44,0,-20,34
-44,0,-19,25
-44,0,-18,30
-44,0,-17,23
-44,0,-16,22
-44,0,-15,23
-44,0,-14,11
-44,0,-13,23
-44,0,-12,19
-44,0,-11,16
-44,0,-10,16
-44,0,-9,13
-44,0,-8,18
-44,0,-7,18
-44,0,-6,14
-44,0,-5,14
-44,0,-4,12
-44,0,-3,12
-44,0,-2,9
-44,0,-1,11
-44,0,0,18
-44,0,1,13
-44,0,2,13
-44,0,3,6
-44,0,4,7
-44,0,5,8
-44,0,6,11
-44,0,7,2
-44,0,8,10
-44,0,9,4
-44,0,10,3
-44,0,11,7
-44,0,12,1
-43,0,-43,1
-43,0,-42,20
-43,0,-41,32
-43,0,-40,35
-43,0,-39,19
-43,0,-38,18
-43,0,-37,19
-43,0,-36,22
-43,0,-35,20
-43,0,-34,15
-43,0,-33,16
-43,0,-32,22
-43,0,-31,20
-43,0,-30,21
-43,0,-29,35
-43,0,-28,35
-43,0,-27,21
-43,0,-26,20
-43,0,-25,17
-43,0,-24,30
-43,0,-23,31
-43,0,-22,21
-43,0,-21,29
-43,0,-20,19
-43,0,-19,18
-43,0,-18,25
-43,0,-17,21
-43,0,-16,28
-43,0,-15,19
-43,0,-14,17
-43,0,-13,27
-43,0,-12,21
-43,0,-11,13
-43,0,-10,12
-43,0,-9,21
-43,0,-8,9
-43,0,-7,12
-43,0,-6,15
-43,0,-5,14
-43,0,-4,12
-43,0,-3,11
-43,0,-2,15
-43,0,-1,15
-43,0,0,19
-43,0,1,12
-43,0,2,7
-43,0,3,11
-43,0,4,8
-43,0,5,13
-43,0,6,5
-43,0,7,12
-43,0,8,6
-43,0,9,3
-43,0,10,7
-43,0,11,5
-43,0,12,5
-43,0,13,1
-42,0,-44,4
-42,0,-43,19
-42,0,-42,26
-42,0,-41,25
-42,0,-40,27
-42,0,-39,22
-42,0,-38,18
-42,0,-37,21
-42,0,-36,18
-42,0,-35,22
-42,0,-34,30
-42,0,-33,16
-42,0,-32,35
-42,0,-31,24
-42,0,-30,24
-42,0,-29,34
-42,0,-28,29
-42,0,-27,32
-42,0,-26,22
-42,0,-25,25
-42,0,-24,24
-42,0,-23,24
-42,0,-22,32
-42,0,-21,20
-42,0,-20,22
-42,0,-19,23
-42,0,-18,11
-42,0,-17,19
-42,0,-16,30
-42,0,-15,30
-42,0,-14,20
-42,0,-13,26
-42,0,-12,18
-42,0,-11,20
-42,0,-10,26
-42,0,-9,19
-42,0,-8,18
-42,0,-7,22
-42,0,-6,24
-42,0,-5,16
-42,0,-4,15
-42,0,-3,20
-42,0,-2,23
-42,0,-1,8
-42,0,0,26
-42,0,1,15
-42,0,2,12
-42,0,3,6
-42,0,4,9
-42,0,5,8
-42,0,6,7
-42,0,7,3
-42,0,8,7
-42,0,9,8
-42,0,10,5
-42,0,11,6
-42,0,12,5
-42,0,13,5
-42,0,14,2
-41,0,-45,3
-41,0,-44,23
-41,0,-43,20
-41,0,-42,18
-41,0,-41,25
-41,0,-40,21
-41,0,-39,14
-41,0,-38,19
-41,0,-37,17
-41,0,-36,17
-41,0,-35,30
-41,0,-34,24
-41,0,-33,17
-41,0,-32,29
-41,0,-31,28
-41,0,-30,27
-41,0,-29,22
-41,0,-28,24
-41,0,-27,32
-41,0,-26,14
-41,0,-25,25
-41,0,-24,19
-41,0,-23,39
-41,0,-22,19
-41,0,-21,14
-41,0,-20,28
-41,0,-19,28
-41,0,-18,19
-41,0,-17,28
-41,0,-16,18
-41,0,-15,22
-41,0,-14,21
-41,0,-13,21
-41,0,-12,14
-41,0,-11,26
-41,0,-10,14
-41,0,-9,27
-41,0,-8,18
-41,0,-7,21
-41,0,-6,16
-41,0,-5,17
-41,0,-4,22
-41,0,-3,11
-41,0,-2,15
-41,0,-1,15
-41,0,0,27
-41,0,1,11
-41,0,2,9
-41,0,3,16
-41,0,4,9
-41,0,5,10
-41,0,6,8
-41,0,7,11
-41,0,8,7
-41,0,9,7
-41,0,10,6
-41,0,11,7
-41,0,12,5
-41,0,13,7
-41,0,14,1
-41,0,15,2
-40,0,-46,9
-40,0,-45,28
-40,0,-44,30
-40,0,-43,26
-40,0,-42,26
-40,0,-41,19
-40,0,-40,27
-40,0,-39,20
-40,0,-38,22
-40,0,-37,17
-40,0,-36,21
-40,0,-35,33
-40,0,-34,40
-40,0,-33,20
-40,0,-32,27
-40,0,-31,28
-40,0,-30,32
-40,0,-29,26
-40,0,-28,22
-40,0,-27,26
-40,0,-26,25
-40,0,-25,25
-40,0,-24,22
-40,0,-23,34
-40,0,-22,32
-40,0,-21,27
-40,0,-20,26
-40,0,-19,31
-40,0,-18,23
-40,0,-17,31
-40,0,-16,31
-40,0,-15,30
-40,0,-14,30
-40,0,-13,35
-40,0,-12,38
-40,0,-11,24
-40,0,-10,28
-40,0,-9,28
-40,0,-8,22
-40,0,-7,26
-40,0,-6,28
-40,0,-5,22
-40,0,-4,27
-40,0,-3,29
-40,0,-2,32
-40,0,-1,26
-40,0,0,34
-40,0,1,22
-40,0,2,17
-40,0,3,10
-40,0,4,13
-40,0,5,5
-40,0,6,10
-40,0,7,10
-40,0,8,10
-40,0,9,6
-40,0,10,7
-40,0,11,5
-40,0,12,5
-40,0,13,2
-40,0,14,6
-40,0,15,4
-39,0,-47,5
-39,0,-46,20
-39,0,-45,32
-39,0,-44,24
-39,0,-43,21
-39,0,-42,23
-39,0,-41,15
-39,0,-40,24
-39,0,-39,28
-39,0,-38,34
-39,0,-37,31
-39,0,-36,22
-39,0,-35,26
-39,0,-34,28
-39,0,-33,31
-39,0,-32,26
-39,0,-31,25
-39,0,-30,37
-39,0,-29,28
-39,0,-28,31
-39,0,-27,39
-39,0,-26,43
-39,0,-25,29
-39,0,-24,41
-39,0,-23,32
-39,0,-22,30
-39,0,-21,33
-39,0,-20,34
-39,0,-19,33
-39,0,-18,35
-39,0,-17,26
-39,0,-16,34
-39,0,-15,39
-39,0,-14,29
-39,0,-13,37
-39,0,-12,35
-39,0,-11,29
-39,0,-10,30
-39,0,-9,31
-39,0,-8,30
-39,0,-7,25
-39,0,-6,38
-39,0,-5,27
-39,0,-4,27
-39,0,-3,26
-39,0,-2,14
-39,0,-1,18
-39,0,0,39
-39,0,1,21
-39,0,2,15
-39,0,3,17
-39,0,4,10
-39,0,5,20
-39,0,6,13
-39,0,7,11
-39,0,8,7
-39,0,9,8
-39,0,10,7
-39,0,11,7
-39,0,12,6
-39,0,13,6
-39,0,14,5
-39,0,15,3
-39,0,16,4
-38,0,-48,4
-38,0,-47,21
-38,0,-46,21
-38,0,-45,28
-38,0,-44,16
-38,0,-43,23
-38,0,-42,20
-38,0,-41,22
-38,0,-40,19
-38,0,-39,25
-38,0,-38,26
-38,0,-37,31
-38,0,-36,31
-38,0,-35,26
-38,0,-34,39
-38,0,-33,32
-38,0,-32,27
-38,0,-31,41
-38,0,-30,40
-38,0,-29,42
-38,0,-28,44
-38,0,-27,30
-38,0,-26,37
-38,0,-25,28
-38,0,-24,29
-38,0,-23,25
-38,0,-22,39
-38,0,-21,24
-38,0,-20,35
-38,0,-19,38
-38,0,-18,26
-38,0,-17,40
-38,0,-16,31
-38,0,-15,41
-38,0,-14,29
-38,0,-13,31
-38,0,-12,31
-38,0,-11,28
-38,0,-10,24
-38,0,-9,27
-38,0,-8,31
-38,0,-7,25
-38,0,-6,29
-38,0,-5,27
-38,0,-4,25
-38,0,-3,24
-38,0,-2,33
-38,0,-1,18
-38,0,0,41
-38,0,1,22
-38,0,2,21
-38,0,3,11
-38,0,4,15
-38,0,5,7
-38,0,6,14
-38,0,7,8
-38,0,8,9
-38,0,9,7
-38,0,10,7
-38,0,11,10
-38,0,12,4
-38,0,13,7
-38,0,14,5
-38,0,15,5
-38,0,16,2
-38,0,17,1
-37,0,-49,2
-37,0,-48,26
-37,0,-47,29
-37,0,-46,27
-37,0,-45,22
-37,0,-44,20
-37,0,-43,33
-37,0,-42,30
-37,0,-41,43
-37,0,-40,20
-37,0,-39,27
-37,0,-38,24
-37,0,-37,47
-37,0,-36,31
-37,0,-35,28
-37,0,-34,30
-37,0,-33,38
-37,0,-32,42
-37,0,-31,33
-37,0,-30,37
-37,0,-29,34
-37,0,-28,28
-37,0,-27,39
-37,0,-26,34
-37,0,-25,36
-37,0,-24,45
-37,0,-23,34
-37,0,-22,39
-37,0,-21,34
-37,0,-20,33
-37,0,-19,43
-37,0,-18,38
-37,0,-17,31
-37,0,-16,38
-37,0,-15,42
-37,0,-14,37
-37,0,-13,31
-37,0,-12,46
-37,0,-11,26
-37,0,-10,39
-37,0,-9,25
-37,0,-8,33
-37,0,-7,28
-37,0,-6,36
-37,0,-5,29
-37,0,-4,29
-37,0,-3,35
-37,0,-2,27
-37,0,-1,35
-37,0,0,47
-37,0,1,19
-37,0,2,18
-37,0,3,16
-37,0,4,17
-37,0,5,11
-37,0,6,13
-37,0,7,15
-37,0,8,11
-37,0,9,11
-37,0,10,12
-37,0,11,5
-37,0,12,9
-37,0,13,4
-37,0,14,5
-37,0,15,5
-37,0,16,3
-37,0,17,4
-36,0,-49,19
-36,0,-48,31
-36,0,-47,28
-36,0,-46,24
-36,0,-45,21
-36,0,-44,21
-36,0,-43,25
-36,0,-42,29
-36,0,-41,37
-36,0,-40,33
-36,0,-39,29
-36,0,-38,36
-36,0,-37,31
-36,0,-36,42
-36,0,-35,29
-36,0,-34,43
-36,0,-33,41
-36,0,-32,53
-36,0,-31,21
-36,0,-30,43
-36,0,-29,44
-36,0,-28,27
-36,0,-27,48
-36,0,-26,36
-36,0,-25,46
-36,0,-24,44
-36,0,-23,35
-36,0,-22,38
-36,0,-21,43
-36,0,-20,31
-36,0,-19,34
-36,0,-18,47
-36,0,-17,34
-36,0,-16,36
-36,0,-15,23
-36,0,-14,31
-36,0,-13,38
-36,0,-12,38
-36,0,-11,29
-36,0,-10,35
-36,0,-9,26
-36,0,-8,33
-36,0,-7,24
-36,0,-6,37
-36,0,-5,27
-36,0,-4,32
-36,0,-3,20
-36,0,-2,19
-36,0,-1,28
-36,0,0,38
-36,0,1,19
-36,0,2,20
-36,0,3,18
-36,0,4,16
-36,0,5,21
-36,0,6,13
-36,0,7,20
-36,0,8,10
-36,0,9,16
-36,0,10,6
-36,0,11,9
-36,0,12,5
-36,0,13,7
-36,0,14,8
-36,0,15,2
-36,0,16,5
-36,0,17,5
-35,0,-50,13
-35,0,-49,16
-35,0,-48,31
-35,0,-47,21
-35,0,-46,26
-35,0,-45,26
-35,0,-44,29
-35,0,-43,19
-35,0,-42,23
-35,0,-41,31
-35,0,-40,33
-35,0,-39,29
-35,0,-38,38
-35,0,-37,47
-35,0,-36,43
-35,0,-35,52
-35,0,-34,27
-35,0,-33,43
-35,0,-32,32
-35,0,-31,30
-35,0,-30,30
-35,0,-29,36
-35,0,-28,32
-35,0,-27,33
-35,0,-26,32
-35,0,-25,34
-35,0,-24,42
-35,0,-23,35
-35,0,-22,36
-35,0,-21,37
-35,0,-20,38
-35,0,-19,28
-35,0,-18,34
-35,0,-17,23
-35,0,-16,34
-35,0,-15,31
-35,0,-14,25
-35,0,-13,28
-35,0,-12,22
-35,0,-11,33
-35,0,-10,18
-35,0,-9,23
-35,0,-8,27
-35,0,-7,20
-35,0,-6,26
-35,0,-5,26
-35,0,-4,27
-35,0,-3,30
-35,0,-2,26
-35,0,-1,22
-35,0,0,39
-35,0,1,18
-35,0,2,17
-35,0,3,16
-35,0,4,21
-35,0,5,12
-35,0,6,13
-35,0,7,13
-35,0,8,22
-35,0,9,16
-35,0,10,12
-35,0,11,10
-35,0,12,8
-35,0,13,10
-35,0,14,4
-35,0,15,8
-35,0,16,5
-35,0,17,4
-35,0,18,4
-34,0,-51,9
-34,0,-50,34
-34,0,-49,24
-34,0,-48,21
-34,0,-47,22
-34,0,-46,41
-34,0,-45,37
-34,0,-44,30
-34,0,-43,41
-34,0,-42,28
-34,0,-41,44
-34,0,-40,49
-34,0,-39,59
-34,0,-38,35
-34,0,-37,39
-34,0,-36,38
-34,0,-35,54
-34,0,-34,32
-34,0,-33,42
-34,0,-32,28
-34,0,-31,46
-34,0,-30,34
-34,0,-29,34
-34,0,-28,46
-34,0,-27,47
-34,0,-26,40
-34,0,-25,39
-34,0,-24,44
-34,0,-23,52
-34,0,-22,38
-34,0,-21,34
-34,0,-20,30
-34,0,-19,28
-34,0,-18,29
-34,0,-17,29
-34,0,-16,27
-34,0,-15,34
-34,0,-14,29
-34,0,-13,33
-34,0,-12,26
-34,0,-11,23
-34,0,-10,32
-34,0,-9,23
-34,0,-8,27
-34,0,-7,19
-34,0,-6,29
-34,0,-5,26
-34,0,-4,27
-34,0,-3,24
-34,0,-2,20
-34,0,-1,18
-34,0,0,31
-34,0,1,16
-34,0,2,23
-34,0,3,19
-34,0,4,21
-34,0,5,15
-34,0,6,15
-34,0,7,19
-34,0,8,13
-34,0,9,13
-34,0,10,11
-34,0,11,12
-34,0,12,10
-34,0,13,6
-34,0,14,10
-34,0,15,4
-34,0,16,6
-34,0,17,4
-34,0,18,7
-33,0,-52,8
-33,0,-51,31
-33,0,-50,25
-33,0,-49,27
-33,0,-48,24
-33,0,-47,18
-33,0,-46,38
-33,0,-45,30
-33,0,-44,37
-33,0,-43,48
-33,0,-42,35
-33,0,-41,37
-33,0,-40,35
-33,0,-39,52
-33,0,-38,42
-33,0,-37,45
-33,0,-36,31
-33,0,-35,33
-33,0,-34,52
-33,0,-33,32
-33,0,-32,32
-33,0,-31,50
-33,0,-30,51
-33,0,-29,40
-33,0,-28,38
-33,0,-27,52
-33,0,-26,49
-33,0,-25,39
-33,0,-24,49
-33,0,-23,37
-33,0,-22,31
-33,0,-21,32
-33,0,-20,39
-33,0,-19,29
-33,0,-18,22
-33,0,-17,25
-33,0,-16,33
-33,0,-15,25
-33,0,-14,23
-33,0,-13,22
-33,0,-12,26
-33,0,-11,17
-33,0,-10,24
-33,0,-9,18
-33,0,-8,29
-33,0,-7,23
-33,0,-6,19
-33,0,-5,22
-33,0,-4,14
-33,0,-3,28
-33,0,-2,15
-33,0,-1,18
-33,0,0,27
-33,0,1,22
-33,0,2,14
-33,0,3,19
-33,0,4,18
-33,0,5,14
-33,0,6,22
-33,0,7,14
-33,0,8,19
-33,0,9,20
-33,0,10,16
-33,0,11,11
-33,0,12,7
-33,0,13,7
-33,0,14,8
-33,0,15,6
-33,0,16,7
-33,0,17,8
-33,0,18,2
-33,0,19,3
-32,0,-53,1
-32,0,-52,17
-32,0,-51,31
-32,0,-50,27
-32,0,-49,20
-32,0,-48,31
-32,0,-47,37
-32,0,-46,29
-32,0,-45,27
-32,0,-44,58
-32,0,-43,44
-32,0,-42,47
-32,0,-41,40
-32,0,-40,34
-32,0,-39,38
-32,0,-38,51
-32,0,-37,44
-32,0,-36,41
-32,0,-35,37
-32,0,-34,37
-32,0,-33,42
-32,0,-32,30
-32,0,-31,32
-32,0,-30,40
-32,0,-29,52
-32,0,-28,34
-32,0,-27,41
-32,0,-26,45
-32,0,-25,34
-32,0,-24,39
-32,0,-23,34
-32,0,-22,34
-32,0,-21,36
-32,0,-20,37
-32,0,-19,29
-32,0,-18,32
-32,0,-17,21
-32,0,-16,26
-32,0,-15,18
-32,0,-14,24
-32,0,-13,24
-32,0,-12,22
-32,0,-11,23
-32,0,-10,21
-32,0,-9,20
-32,0,-8,16
-32,0,-7,25
-32,0,-6,19
-32,0,-5,24
-32,0,-4,17
-32,0,-3,17
-32,0,-2,20
-32,0,-1,16
-32,0,0,32
-32,0,1,15
-32,0,2,12
-32,0,3,11
-32,0,4,17
-32,0,5,17
-32,0,6,19
-32,0,7,16
-32,0,8,20
-32,0,9,11
-32,0,10,12
-32,0,11,13
-32,0,12,14
-32,0,13,10
-32,0,14,6
-32,0,15,6
-32,0,16,6
-32,0,17,4
-32,0,18,5
-32,0,19,6
-31,0,-53,12
-31,0,-52,15
-31,0,-51,22
-31,0,-50,25
-31,0,-49,36
-31,0,-48,36
-31,0,-47,37
-31,0,-46,46
-31,0,-45,46
-31,0,-44,36
-31,0,-43,40
-31,0,-42,42
-31,0,-41,38
-31,0,-40,47
-31,0,-39,46
-31,0,-38,39
-31,0,-37,44
-31,0,-36,37
-31,0,-35,44
-31,0,-34,29
-31,0,-33,57
-31,0,-32,39
-31,0,-31,43
-31,0,-30,38
-31,0,-29,44
-31,0,-28,46
-31,0,-27,37
-31,0,-26,33
-31,0,-25,37
-31,0,-24,34
-31,0,-23,36
-31,0,-22,31
-31,0,-21,29
-31,0,-20,31
-31,0,-19,26
-31,0,-18,32
-31,0,-17,21
-31,0,-16,25
-31,0,-15,25
-31,0,-14,21
-31,0,-13,30
-31,0,-12,23
-31,0,-11,33
-31,0,-10,17
-31,0,-9,14
-31,0,-8,25
-31,0,-7,14
-31,0,-6,20
-31,0,-5,21
-31,0,-4,20
-31,0,-3,17
-31,0,-2,24
-31,0,-1,22
-31,0,0,33
-31,0,1,22
-31,0,2,18
-31,0,3,14
-31,0,4,14
-31,0,5,15
-31,0,6,25
-31,0,7,14
-31,0,8,14
-31,0,9,17
-31,0,10,23
-31,0,11,9
-31,0,12,10
-31,0,13,14
-31,0,14,6
-31,0,15,6
-31,0,16,9
-31,0,17,6
-31,0,18,6
-31,0,19,1
-31,0,20,3
-30,0,-54,7
-30,0,-53,36
-30,0,-52,28
-30,0,-51,22
-30,0,-50,33
-30,0,-49,45
-30,0,-48,42
-30,0,-47,47
-30,0,-46,38
-30,0,-45,42
-30,0,-44,42
-30,0,-43,28
-30,0,-42,56
-30,0,-41,42
-30,0,-40,41
-30,0,-39,30
-30,0,-38,45
-30,0,-37,48
-30,0,-36,49
-30,0,-35,25
-30,0,-34,40
-30,0,-33,37
-30,0,-32,41
-30,0,-31,41
-30,0,-30,28
-30,0,-29,44
-30,0,-28,38
-30,0,-27,37
-30,0,-26,28
-30,0,-25,28
-30,0,-24,28
-30,0,-23,24
-30,0,-22,34
-30,0,-21,20
-30,0,-20,30
-30,0,-19,29
-30,0,-18,29
-30,0,-17,24
-30,0,-16,33
-30,0,-15,39
-30,0,-14,20
-30,0,-13,22
-30,0,-12,17
-30,0,-11,19
-30,0,-10,15
-30,0,-9,19
-30,0,-8,14
-30,0,-7,18
-30,0,-6,19
-30,0,-5,18
-30,0,-4,21
-30,0,-3,19
-30,0,-2,23
-30,0,-1,16
-30,0,0,25
-30,0,1,20
-30,0,2,10
-30,0,3,13
-30,0,4,20
-30,0,5,14
-30,0,6,12
-30,0,7,15
-30,0,8,12
-30,0,9,9
-30,0,10,12
-30,0,11,9
-30,0,12,14
-30,0,13,7
-30,0,14,9
-30,0,15,8
-30,0,16,8
-30,0,17,6
-30,0,18,5
-30,0,19,3
-30,0,20,5
-29,0,-54,28
-29,0,-53,23
-29,0,-52,26
-29,0,-51,25
-29,0,-50,30
-29,0,-49,34
-29,0,-48,37
-29,0,-47,46
-29,0,-46,42
-29,0,-45,41
-29,0,-44,46
-29,0,-43,35
-29,0,-42,41
-29,0,-41,46
-29,0,-40,39
-29,0,-39,44
-29,0,-38,35
-29,0,-37,37
-29,0,-36,48
-29,0,-35,47
-29,0,-34,51
-29,0,-33,38
-29,0,-32,45
-29,0,-31,47
-29,0,-30,32
-29,0,-29,37
-29,0,-28,37
-29,0,-27,30
-29,0,-26,28
-29,0,-25,29
-29,0,-24,26
-29,0,-23,30
-29,0,-22,24
-29,0,-21,21
-29,0,-20,27
-29,0,-19,32
-29,0,-18,31
-29,0,-17,24
-29,0,-16,22
-29,0,-15,21
-29,0,-14,36
-29,0,-13,32
-29,0,-12,36
-29,0,-11,20
-29,0,-10,32
-29,0,-9,23
-29,0,-8,33
-29,0,-7,32
-29,0,-6,20
-29,0,-5,25
-29,0,-4,21
-29,0,-3,22
-29,0,-2,20
-29,0,-1,15
-29,0,0,33
-29,0,1,15
-29,0,2,17
-29,0,3,17
-29,0,4,12
-29,0,5,15
-29,0,6,12
-29,0,7,19
-29,0,8,14
-29,0,9,15
-29,0,10,11
-29,0,11,19
-29,0,12,13
-29,0,13,7
-29,0,14,13
-29,0,15,5
-29,0,16,5
-29,0,17,5
-29,0,18,6
-29,0,19,4
-29,0,20,1
-28,0,-55,7
-28,0,-54,19
-28,0,-53,32
-28,0,-52,27
-28,0,-51,38
-28,0,-50,46
-28,0,-49,40
-28,0,-48,36
-28,0,-47,41
-28,0,-46,45
-28,0,-45,27
-28,0,-44,54
-28,0,-43,38
-28,0,-42,37
-28,0,-41,47
-28,0,-40,42
-28,0,-39,64
-28,0,-38,37
-28,0,-37,49
-28,0,-36,45
-28,0,-35,55
-28,0,-34,48
-28,0,-33,54
-28,0,-32,49
-28,0,-31,67
-28,0,-30,31
-28,0,-29,35
-28,0,-28,39
-28,0,-27,38
-28,0,-26,27
-28,0,-25,38
-28,0,-24,29
-28,0,-23,15
-28,0,-22,30
-28,0,-21,30
-28,0,-20,23
-28,0,-19,29
-28,0,-18,24
-28,0,-17,37
-28,0,-16,36
-28,0,-15,29
-28,0,-14,33
-28,0,-13,24
-28,0,-12,26
-28,0,-11,32
-28,0,-10,20
-28,0,-9,28
-28,0,-8,23
-28,0,-7,22
-28,0,-6,24
-28,0,-5,23
-28,0,-4,22
-28,0,-3,28
-28,0,-2,27
-28,0,-1,24
-28,0,0,42
-28,0,1,23
-28,0,2,12
-28,0,3,12
-28,0,4,13
-28,0,5,15
-28,0,6,12
-28,0,7,9
-28,0,8,9
-28,0,9,7
-28,0,10,11
-28,0,11,16
-28,0,12,7
-28,0,13,15
-28,0,14,10
-28,0,15,8
-28,0,16,7
-28,0,17,8
-28,0,18,3
-28,0,19,4
-28,0,20,6
-28,0,21,1
-27,0,-56,1
-27,0,-55,21
-27,0,-54,25
-27,0,-53,21
-27,0,-52,34
-27,0,-51,48
-27,0,-50,39
-27,0,-49,41
-27,0,-48,46
-27,0,-47,49
-27,0,-46,42
-27,0,-45,37
-27,0,-44,45
-27,0,-43,46
-27,0,-42,51
-27,0,-41,57
-27,0,-40,24
-27,0,-39,54
-27,0,-38,43
-27,0,-37,60
-27,0,-36,32
-27,0,-35,49
-27,0,-34,51
-27,0,-33,43
-27,0,-32,51
-27,0,-31,45
-27,0,-30,41
-27,0,-29,31
-27,0,-28,35
-27,0,-27,30
-27,0,-26,43
-27,0,-25,30
-27,0,-24,41
-27,0,-23,28
-27,0,-22,23
-27,0,-21,36
-27,0,-20,26
-27,0,-19,38
-27,0,-18,17
-27,0,-17,34
-27,0,-16,25
-27,0,-15,29
-27,0,-14,28
-27,0,-13,28
-27,0,-12,23
-27,0,-11,15
-27,0,-10,27
-27,0,-9,20
-27,0,-8,22
-27,0,-7,13
-27,0,-6,12
-27,0,-5,27
-27,0,-4,19
-27,0,-3,27
-27,0,-2,20
-27,0,-1,18
-27,0,0,41
-27,0,1,17
-27,0,2,23
-27,0,3,18
-27,0,4,12
-27,0,5,15
-27,0,6,15
-27,0,7,11
-27,0,8,11
-27,0,9,11
-27,0,10,8
-27,0,11,8
-27,0,12,15
-27,0,13,10
-27,0,14,12
-27,0,15,9
-27,0,16,8
-27,0,17,4
-27,0,18,5
-27,0,19,7
-27,0,20,2
-27,0,21,5
-26,0,-56,20
-26,0,-55,26
-26,0,-54,28
-26,0,-53,32
-26,0,-52,27
-26,0,-51,62
-26,0,-50,43
-26,0,-49,41
-26,0,-48,33
-26,0,-47,49
-26,0,-46,27
-26,0,-45,43
-26,0,-44,55
-26,0,-43,48
-26,0,-42,50
-26,0,-41,47
-26,0,-40,43
-26,0,-39,37
-26,0,-38,50
-26,0,-37,51
-26,0,-36,54
-26,0,-35,33
-26,0,-34,58
-26,0,-33,45
-26,0,-32,52
-26,0,-31,38
-26,0,-30,34
-26,0,-29,35
-26,0,-28,37
-26,0,-27,29
-26,0,-26,31
-26,0,-25,35
-26,0,-24,25
-26,0,-23,40
-26,0,-22,33
-26,0,-21,40
-26,0,-20,33
-26,0,-19,30
-26,0,-18,36
-26,0,-17,18
-26,0,-16,28
-26,0,-15,22
-26,0,-14,24
-26,0,-13,14
-26,0,-12,18
-26,0,-11,14
-26,0,-10,14
-26,0,-9,9
-26,0,-8,14
-26,0,-7,13
-26,0,-6,17
-26,0,-5,14
-26,0,-4,17
-26,0,-3,17
-26,0,-2,16
-26,0,-1,26
-26,0,0,37
-26,0,1,24
-26,0,2,17
-26,0,3,14
-26,0,4,17
-26,0,5,15
-26,0,6,14
-26,0,7,11
-26,0,8,14
-26,0,9,9
-26,0,10,8
-26,0,11,9
-26,0,12,8
-26,0,13,11
-26,0,14,10
-26,0,15,11
-26,0,16,6
-26,0,17,9
-26,0,18,4
-26,0,19,8
-26,0,20,2
-26,0,21,4
-25,0,-57,1
-25,0,-56,31
-25,0,-55,21
-25,0,-54,43
-25,0,-53,43
-25,0,-52,31
-25,0,-51,36
-25,0,-50,50
-25,0,-49,37
-25,0,-48,45
-25,0,-47,55
-25,0,-46,48
-25,0,-45,44
-25,0,-44,34
-25,0,-43,48
-25,0,-42,67
-25,0,-41,45
-25,0,-40,39
-25,0,-39,48
-25,0,-38,46
-25,0,-37,47
-25,0,-36,50
-25,0,-35,46
-25,0,-34,50
-25,0,-33,36
-25,0,-32,38
-25,0,-31,44
-25,0,-30,37
-25,0,-29,38
-25,0,-28,39
-25,0,-27,28
-25,0,-26,32
-25,0,-25,33
-25,0,-24,35
-25,0,-23,36
-25,0,-22,36
-25,0,-21,27
-25,0,-20,33
-25,0,-19,15
-25,0,-18,28
-25,0,-17,21
-25,0,-16,22
-25,0,-15,12
-25,0,-14,17
-25,0,-13,12
-25,0,-12,12
-25,0,-11,11
-25,0,-10,16
-25,0,-9,15
-25,0,-8,17
-25,0,-7,6
-25,0,-6,15
-25,0,-5,8
-25,0,-4,13
-25,0,-3,8
-25,0,-2,18
-25,0,-1,14
-25,0,0,24
-25,0,1,20
-25,0,2,16
-25,0,3,19
-25,0,4,13
-25,0,5,8
-25,0,6,10
-25,0,7,7
-25,0,8,14
-25,0,9,9
-25,0,10,12
-25,0,11,8
-25,0,12,6
-25,0,13,8
-25,0,14,7
-25,0,15,15
-25,0,16,9
-25,0,17,8
-25,0,18,5
-25,0,19,5
-25,0,20,4
-25,0,21,5
-24,0,-57,14
-24,0,-56,18
-24,0,-55,35
-24,0,-54,32
-24,0,-53,55
-24,0,-52,36
-24,0,-51,32
-24,0,-50,48
-24,0,-49,56
-24,0,-48,48
-24,0,-47,58
-24,0,-46,47
-24,0,-45,57
-24,0,-44,62
-24,0,-43,45
-24,0,-42,37
-24,0,-41,55
-24,0,-40,57
-24,0,-39,48
-24,0,-38,50
-24,0,-37,42
-24,0,-36,59
-24,0,-35,50
-24,0,-34,38
-24,0,-33,51
-24,0,-32,31
-24,0,-31,39
-24,0,-30,46
-24,0,-29,39
-24,0,-28,30
-24,0,-27,40
-24,0,-26,30
-24,0,-25,32
-24,0,-24,36
-24,0,-23,23
-24,0,-22,31
-24,0,-21,31
-24,0,-20,19
-24,0,-19,20
-24,0,-18,16
-24,0,-17,19
-24,0,-16,17
-24,0,-15,15
-24,0,-14,14
-24,0,-13,16
-24,0,-12,14
-24,0,-11,14
-24,0,-10,13
-24,0,-9,11
-24,0,-8,13
-24,0,-7,14
-24,0,-6,8
-24,0,-5,14
-24,0,-4,11
-24,0,-3,12
-24,0,-2,11
-24,0,-1,9
-24,0,0,29
-24,0,1,10
-24,0,2,13
-24,0,3,16
-24,0,4,12
-24,0,5,14
-24,0,6,18
-24,0,7,6
-24,0,8,9
-24,0,9,10
-24,0,10,11
-24,0,11,9
-24,0,12,11
-24,0,13,6
-24,0,14,13
-24,0,15,8
-24,0,16,7
-24,0,17,7
-24,0,18,10
-24,0,19,3
-24,0,20,5
-24,0,21,4
-23,0,-57,20
-23,0,-56,28
-23,0,-55,37
-23,0,-54,35
-23,0,-53,50
-23,0,-52,44
-23,0,-51,49
-23,0,-50,45
-23,0,-49,44
-23,0,-48,41
-23,0,-47,49
-23,0,-46,58
-23,0,-45,63
-23,0,-44,49
-23,0,-43,60
-23,0,-42,57
-23,0,-41,39
-23,0,-40,56
-23,0,-39,49
-23,0,-38,52
-23,0,-37,62
-23,0,-36,46
-23,0,-35,53
-23,0,-34,33
-23,0,-33,37
-23,0,-32,44
-23,0,-31,37
-23,0,-30,36
-23,0,-29,38
-23,0,-28,35
-23,0,-27,32
-23,0,-26,39
-23,0,-25,31
-23,0,-24,31
-23,0,-23,28
-23,0,-22,22
-23,0,-21,18
-23,0,-20,12
-23,0,-19,15
-23,0,-18,16
-23,0,-17,18
-23,0,-16,11
-23,0,-15,14
-23,0,-14,13
-23,0,-13,16
-23,0,-12,14
-23,0,-11,16
-23,0,-10,12
-23,0,-9,13
-23,0,-8,14
-23,0,-7,13
-23,0,-6,11
-23,0,-5,15
-23,0,-4,11
-23,0,-3,13
-23,0,-2,8
-23,0,-1,8
-23,0,0,17
-23,0,1,18
-23,0,2,4
-23,0,3,9
-23,0,4,12
-23,0,5,8
-23,0,6,4
-23,0,7,12
-23,0,8,10
-23,0,9,9
-23,0,10,9
-23,0,11,9
-23,0,12,8
-23,0,13,9
-23,0,14,6
-23,0,15,10
-23,0,16,6
-23,0,17,9
-23,0,18,7
-23,0,19,6
-23,0,20,4
-23,0,21,4
-22,0,-58,19
-22,0,-57,28
-22,0,-56,35
-22,0,-55,43
-22,0,-54,39
-22,0,-53,41
-22,0,-52,40
-22,0,-51,43
-22,0,-50,53
-22,0,-49,58
-22,0,-48,45
-22,0,-47,39
-22,0,-46,38
-22,0,-45,47
-22,0,-44,57
-22,0,-43,50
-22,0,-42,48
-22,0,-41,54
-22,0,-40,44
-22,0,-39,54
-22,0,-38,51
-22,0,-37,52
-22,0,-36,39
-22,0,-35,50
-22,0,-34,39
-22,0,-33,33
-22,0,-32,41
-22,0,-31,38
-22,0,-30,31
-22,0,-29,35
-22,0,-28,36
-22,0,-27,30
-22,0,-26,38
-22,0,-25,30
-22,0,-24,32
-22,0,-23,20
-22,0,-22,16
-22,0,-21,20
-22,0,-20,15
-22,0,-19,17
-22,0,-18,14
-22,0,-17,14
-22,0,-16,16
-22,0,-15,16
-22,0,-14,15
-22,0,-13,14
-22,0,-12,13
-22,0,-11,13
-22,0,-10,11
-22,0,-9,9
-22,0,-8,10
-22,0,-7,16
-22,0,-6,10
-22,0,-5,11
-22,0,-4,14
-22,0,-3,10
-22,0,-2,10
-22,0,-1,11
-22,0,0,17
-22,0,1,7
-22,0,2,12
-22,0,3,10
-22,0,4,4
-22,0,5,16
-22,0,6,10
-22,0,7,8
-22,0,8,6
-22,0,9,11
-22,0,10,10
-22,0,11,9
-22,0,12,5
-22,0,13,13
-22,0,14,6
-22,0,15,8
-22,0,16,4
-22,0,17,7
-22,0,18,6
-22,0,19,5
-22,0,20,5
-22,0,21,3
-21,0,-58,28
-21,0,-57,29
-21,0,-56,49
-21,0,-55,37
-21,0,-54,44
-21,0,-53,56
-21,0,-52,44
-21,0,-51,51
-21,0,-50,41
-21,0,-49,51
-21,0,-48,49
-21,0,-47,55
-21,0,-46,43
-21,0,-45,45
-21,0,-44,40
-21,0,-43,54
-21,0,-42,51
-21,0,-41,62
-21,0,-40,53
-21,0,-39,46
-21,0,-38,57
-21,0,-37,56
-21,0,-36,47
-21,0,-35,36
-21,0,-34,56
-21,0,-33,37
-21,0,-32,46
-21,0,-31,41
-21,0,-30,43
-21,0,-29,45
-21,0,-28,47
-21,0,-27,39
-21,0,-26,38
-21,0,-25,29
-21,0,-24,25
-21,0,-23,20
-21,0,-22,17
-21,0,-21,19
-21,0,-20,19
-21,0,-19,18
-21,0,-18,11
-21,0,-17,13
-21,0,-16,14
-21,0,-15,20
-21,0,-14,14
-21,0,-13,17
-21,0,-12,13
-21,0,-11,15
-21,0,-10,12
-21,0,-9,9
-21,0,-8,11
-21,0,-7,13
-21,0,-6,14
-21,0,-5,11
-21,0,-4,14
-21,0,-3,11
-21,0,-2,13
-21,0,-1,10
-21,0,0,19
-21,0,1,8
-21,0,2,10
-21,0,3,7
-21,0,4,18
-21,0,5,19
-21,0,6,6
-21,0,7,16
-21,0,8,17
-21,0,9,8
-21,0,10,5
-21,0,11,10
-21,0,12,8
-21,0,13,4
-21,0,14,8
-21,0,15,8
-21,0,16,6
-21,0,17,5
-21,0,18,7
-21,0,19,5
-21,0,20,4
-21,0,21,6
-21,0,22,1
-20,0,-59,4
-20,0,-58,20
-20,0,-57,43
-20,0,-56,44
-20,0,-55,35
-20,0,-54,30
-20,0,-53,41
-20,0,-52,47
-20,0,-51,44
-20,0,-50,49
-20,0,-49,41
-20,0,-48,48
-20,0,-47,56
-20,0,-46,68
-20,0,-45,53
-20,0,-44,48
-20,0,-43,52
-20,0,-42,48
-20,0,-41,47
-20,0,-40,58
-20,0,-39,60
-20,0,-38,58
-20,0,-37,55
-20,0,-36,56
-20,0,-35,51
-20,0,-34,34
-20,0,-33,51
-20,0,-32,45
-20,0,-31,35
-20,0,-30,39
-20,0,-29,40
-20,0,-28,34
-20,0,-27,33
-20,0,-26,29
-20,0,-25,18
-20,0,-24,22
-20,0,-23,18
-20,0,-22,15
-20,0,-21,18
-20,0,-20,18
-20,0,-19,18
-20,0,-18,17
-20,0,-17,15
-20,0,-16,17
-20,0,-15,18
-20,0,-14,15
-20,0,-13,19
-20,0,-12,17
-20,0,-11,15
-20,0,-10,13
-20,0,-9,13
-20,0,-8,13
-20,0,-7,14
-20,0,-6,15
-20,0,-5,15
-20,0,-4,13
-20,0,-3,14
-20,0,-2,9
-20,0,-1,8
-20,0,0,19
-20,0,1,8
-20,0,2,5
-20,0,3,12
-20,0,4,6
-20,0,5,5
-20,0,6,18
-20,0,7,8
-20,0,8,12
-20,0,9,9
-20,0,10,12
-20,0,11,7
-20,0,12,10
-20,0,13,4
-20,0,14,8
-20,0,15,6
-20,0,16,6
-20,0,17,7
-20,0,18,3
-20,0,19,7
-20,0,20,5
-20,0,21,4
-19,0,-59,14
-19,0,-58,21
-19,0,-57,38
-19,0,-56,29
-19,0,-55,57
-19,0,-54,50
-19,0,-53,42
-19,0,-52,37
-19,0,-51,48
-19,0,-50,45
-19,0,-49,48
-19,0,-48,47
-19,0,-47,39
-19,0,-46,58
-19,0,-45,56
-19,0,-44,56
-19,0,-43,55
-19,0,-42,48
-19,0,-41,46
-19,0,-40,54
-19,0,-39,55
-19,0,-38,39
-19,0,-37,45
-19,0,-36,46
-19,0,-35,51
-19,0,-34,39
-19,0,-33,39
-19,0,-32,54
-19,0,-31,35
-19,0,-30,45
-19,0,-29,38
-19,0,-28,28
-19,0,-27,21
-19,0,-26,26
-19,0,-25,14
-19,0,-24,21
-19,0,-23,21
-19,0,-22,15
-19,0,-21,20
-19,0,-20,20
-19,0,-19,19
-19,0,-18,18
-19,0,-17,16
-19,0,-16,17
-19,0,-15,15
-19,0,-14,15
-19,0,-13,14
-19,0,-12,17
-19,0,-11,11
-19,0,-10,14
-19,0,-9,11
-19,0,-8,12
-19,0,-7,14
-19,0,-6,14
-19,0,-5,11
-19,0,-4,13
-19,0,-3,13
-19,0,-2,9
-19,0,-1,13
-19,0,0,16
-19,0,1,4
-19,0,2,8
-19,0,3,5
-19,0,4,8
-19,0,5,11
-19,0,6,6
-19,0,7,7
-19,0,8,15
-19,0,9,6
-19,0,10,12
-19,0,11,9
-19,0,12,5
-19,0,13,6
-19,0,14,5
-19,0,15,6
-19,0,16,4
-19,0,17,6
-19,0,18,6
-19,0,19,5
-19,0,20,4
-19,0,21,7
-18,0,-59,27
-18,0,-58,44
-18,0,-57,39
-18,0,-56,42
-18,0,-55,44
-18,0,-54,43
-18,0,-53,46
-18,0,-52,58
-18,0,-51,38
-18,0,-50,48
-18,0,-49,51
-18,0,-48,55
-18,0,-47,54
-18,0,-46,40
-18,0,-45,43
-18,0,-44,39
-18,0,-43,42
-18,0,-42,54
-18,0,-41,47
-18,0,-40,48
-18,0,-39,39
-18,0,-38,42
-18,0,-37,39
-18,0,-36,31
-18,0,-35,37
-18,0,-34,40
-18,0,-33,36
-18,0,-32,35
-18,0,-31,51
-18,0,-30,36
-18,0,-29,30
-18,0,-28,30
-18,0,-27,22
-18,0,-26,22
-18,0,-25,22
-18,0,-24,23
-18,0,-23,24
-18,0,-22,19
-18,0,-21,17
-18,0,-20,16
-18,0,-19,15
-18,0,-18,16
-18,0,-17,17
-18,0,-16,17
-18,0,-15,17
-18,0,-14,18
-18,0,-13,15
-18,0,-12,16
-18,0,-11,14
-18,0,-10,12
-18,0,-9,13
-18,0,-8,15
-18,0,-7,14
-18,0,-6,14
-18,0,-5,15
-18,0,-4,12
-18,0,-3,16
-18,0,-2,9
-18,0,-1,11
-18,0,0,18
-18,0,1,9
-18,0,2,7
-18,0,3,5
-18,0,4,15
-18,0,5,5
-18,0,6,8
-18,0,7,9
-18,0,8,5
-18,0,9,10
-18,0,10,14
-18,0,11,9
-18,0,12,5
-18,0,13,9
-18,0,14,3
-18,0,15,5
-18,0,16,6
-18,0,17,3
-18,0,18,2
-18,0,19,4
-18,0,20,7
-18,0,21,5
-17,0,-60,9
-17,0,-59,40
-17,0,-58,47
-17,0,-57,47
-17,0,-56,48
-17,0,-55,41
-17,0,-54,50
-17,0,-53,32
-17,0,-52,39
-17,0,-51,47
-17,0,-50,53
-17,0,-49,58
-17,0,-48,54
-17,0,-47,38
-17,0,-46,54
-17,0,-45,43
-17,0,-44,50
-17,0,-43,44
-17,0,-42,44
-17,0,-41,46
-17,0,-40,58
-17,0,-39,42
-17,0,-38,34
-17,0,-37,48
-17,0,-36,40
-17,0,-35,46
-17,0,-34,42
-17,0,-33,43
-17,0,-32,42
-17,0,-31,33
-17,0,-30,43
-17,0,-29,31
-17,0,-28,31
-17,0,-27,22
-17,0,-26,22
-17,0,-25,15
-17,0,-24,23
-17,0,-23,25
-17,0,-22,19
-17,0,-21,15
-17,0,-20,17
-17,0,-19,14
-17,0,-18,19
-17,0,-17,13
-17,0,-16,20
-17,0,-15,21
-17,0,-14,19
-17,0,-13,16
-17,0,-12,16
-17,0,-11,16
-17,0,-10,15
-17,0,-9,15
-17,0,-8,15
-17,0,-7,15
-17,0,-6,17
-17,0,-5,17
-17,0,-4,14
-17,0,-3,15
-17,0,-2,15
-17,0,-1,9
-17,0,0,13
-17,0,1,10
-17,0,2,6
-17,0,3,11
-17,0,4,4
-17,0,5,12
-17,0,6,6
-17,0,7,4
-17,0,8,10
-17,0,9,9
-17,0,10,7
-17,0,11,8
-17,0,12,10
-17,0,13,4
-17,0,14,9
-17,0,15,6
-17,0,16,2
-17,0,17,4
-17,0,18,6
-17,0,19,6
-17,0,20,4
-17,0,21,3
-16,0,-60,16
-16,0,-59,37
-16,0,-58,40
-16,0,-57,37
-16,0,-56,44
-16,0,-55,38
-16,0,-54,32
-16,0,-53,53
-16,0,-52,43
-16,0,-51,31
-16,0,-50,47
-16,0,-49,35
-16,0,-48,60
-16,0,-47,51
-16,0,-46,45
-16,0,-45,49
-16,0,-44,54
-16,0,-43,49
-16,0,-42,46
-16,0,-41,51
-16,0,-40,54
-16,0,-39,42
-16,0,-38,42
-16,0,-37,32
-16,0,-36,47
-16,0,-35,35
-16,0,-34,35
-16,0,-33,41
-16,0,-32,36
-16,0,-31,37
-16,0,-30,31
-16,0,-29,43
-16,0,-28,19
-16,0,-27,22
-16,0,-26,22
-16,0,-25,26
-16,0,-24,21
-16,0,-23,22
-16,0,-22,18
-16,0,-21,17
-16,0,-20,18
-16,0,-19,17
-16,0,-18,17
-16,0,-17,16
-16,0,-16,20
-16,0,-15,19
-16,0,-14,19
-16,0,-13,17
-16,0,-12,15
-16,0,-11,17
-16,0,-10,16
-16,0,-9,17
-16,0,-8,15
-16,0,-7,15
-16,0,-6,16
-16,0,-5,17
-16,0,-4,16
-16,0,-3,14
-16,0,-2,15
-16,0,-1,8
-16,0,0,16
-16,0,1,6
-16,0,2,12
-16,0,3,6
-16,0,4,9
-16,0,5,6
-16,0,6,7
-16,0,7,10
-16,0,8,5
-16,0,9,4
-16,0,10,8
-16,0,11,8
-16,0,12,5
-16,0,13,6
-16,0,14,11
-16,0,15,3
-16,0,16,3
-16,0,17,8
-16,0,18,4
-16,0,19,3
-16,0,20,4
-16,0,21,5
-15,0,-60,22
-15,0,-59,47
-15,0,-58,40
-15,0,-57,41
-15,0,-56,42
-15,0,-55,41
-15,0,-54,39
-15,0,-53,48
-15,0,-52,57
-15,0,-51,62
-15,0,-50,45
-15,0,-49,64
-15,0,-48,54
-15,0,-47,62
-15,0,-46,59
-15,0,-45,60
-15,0,-44,53
-15,0,-43,56
-15,0,-42,65
-15,0,-41,54
-15,0,-40,55
-15,0,-39,46
-15,0,-38,43
-15,0,-37,48
-15,0,-36,53
-15,0,-35,51
-15,0,-34,48
-15,0,-33,40
-15,0,-32,40
-15,0,-31,23
-15,0,-30,40
-15,0,-29,35
-15,0,-28,42
-15,0,-27,31
-15,0,-26,24
-15,0,-25,29
-15,0,-24,21
-15,0,-23,26
-15,0,-22,20
-15,0,-21,23
-15,0,-20,22
-15,0,-19,22
-15,0,-18,18
-15,0,-17,21
-15,0,-16,19
-15,0,-15,15
-15,0,-14,22
-15,0,-13,17
-15,0,-12,15
-15,0,-11,13
-15,0,-10,14
-15,0,-9,14
-15,0,-8,15
-15,0,-7,16
-15,0,-6,17
-15,0,-5,16
-15,0,-4,17
-15,0,-3,16
-15,0,-2,16
-15,0,-1,14
-15,0,0,15
-15,0,1,8
-15,0,2,12
-15,0,3,9
-15,0,4,6
-15,0,5,9
-15,0,6,9
-15,0,7,7
-15,0,8,5
-15,0,9,10
-15,0,10,7
-15,0,11,10
-15,0,12,4
-15,0,13,9
-15,0,14,4
-15,0,15,7
-15,0,16,5
-15,0,17,3
-15,0,18,4
-15,0,19,5
-15,0,20,3
-15,0,21,2
-14,0,-61,4
-14,0,-60,39
-14,0,-59,39
-14,0,-58,38
-14,0,-57,36
-14,0,-56,45
-14,0,-55,35
-14,0,-54,41
-14,0,-53,43
-14,0,-52,59
-14,0,-51,52
-14,0,-50,69
-14,0,-49,64
-14,0,-48,66
-14,0,-47,66
-14,0,-46,65
-14,0,-45,69
-14,0,-44,54
-14,0,-43,66
-14,0,-42,66
-14,0,-41,59
-14,0,-40,61
-14,0,-39,54
-14,0,-38,44
-14,0,-37,61
-14,0,-36,48
-14,0,-35,39
-14,0,-34,49
-14,0,-33,39
-14,0,-32,31
-14,0,-31,36
-14,0,-30,35
-14,0,-29,36
-14,0,-28,41
-14,0,-27,44
-14,0,-26,28
-14,0,-25,30
-14,0,-24,28
-14,0,-23,29
-14,0,-22,29
-14,0,-21,24
-14,0,-20,21
-14,0,-19,22
-14,0,-18,18
-14,0,-17,20
-14,0,-16,21
-14,0,-15,16
-14,0,-14,12
-14,0,-13,17
-14,0,-12,14
-14,0,-11,15
-14,0,-10,15
-14,0,-9,14
-14,0,-8,14
-14,0,-7,12
-14,0,-6,13
-14,0,-5,13
-14,0,-4,16
-14,0,-3,15
-14,0,-2,13
-14,0,-1,16
-14,0,0,17
-14,0,1,13
-14,0,2,9
-14,0,3,8
-14,0,4,6
-14,0,5,13
-14,0,6,9
-14,0,7,12
-14,0,8,8
-14,0,9,3
-14,0,10,7
-14,0,11,4
-14,0,12,9
-14,0,13,5
-14,0,14,6
-14,0,15,6
-14,0,16,7
-14,0,17,4
-14,0,18,5
-14,0,19,3
-14,0,20,4
-14,0,21,3
-13,0,-61,19
-13,0,-60,37
-13,0,-59,35
-13,0,-58,46
-13,0,-57,43
-13,0,-56,40
-13,0,-55,32
-13,0,-54,55
-13,0,-53,41
-13,0,-52,43
-13,0,-51,44
-13,0,-50,57
-13,0,-49,54
-13,0,-48,56
-13,0,-47,53
-13,0,-46,53
-13,0,-45,50
-13,0,-44,48
-13,0,-43,50
-13,0,-42,44
-13,0,-41,59
-13,0,-40,45
-13,0,-39,40
-13,0,-38,51
-13,0,-37,57
-13,0,-36,60
-13,0,-35,31
-13,0,-34,44
-13,0,-33,36
-13,0,-32,29
-13,0,-31,29
-13,0,-30,27
-13,0,-29,19
-13,0,-28,25
-13,0,-27,32
-13,0,-26,39
-13,0,-25,31
-13,0,-24,28
-13,0,-23,27
-13,0,-22,27
-13,0,-21,15
-13,0,-20,20
-13,0,-19,18
-13,0,-18,15
-13,0,-17,14
-13,0,-16,13
-13,0,-15,16
-13,0,-14,14
-13,0,-13,15
-13,0,-12,10
-13,0,-11,10
-13,0,-10,10
-13,0,-9,10
-13,0,-8,10
-13,0,-7,11
-13,0,-6,13
-13,0,-5,12
-13,0,-4,11
-13,0,-3,8
-13,0,-2,13
-13,0,-1,10
-13,0,0,19
-13,0,1,11
-13,0,2,7
-13,0,3,6
-13,0,4,7
-13,0,5,6
-13,0,6,11
-13,0,7,10
-13,0,8,6
-13,0,9,13
-13,0,10,5
-13,0,11,4
-13,0,12,5
-13,0,13,8
-13,0,14,7
-13,0,15,3
-13,0,16,6
-13,0,17,3
-13,0,18,6
-13,0,19,4
-13,0,20,2
-13,0,21,2
-12,0,-61,30
-12,0,-60,47
-12,0,-59,42
-12,0,-58,46
-12,0,-57,38
-12,0,-56,47
-12,0,-55,38
-12,0,-54,46
-12,0,-53,44
-12,0,-52,38
-12,0,-51,47
-12,0,-50,49
-12,0,-49,63
-12,0,-48,52
-12,0,-47,50
-12,0,-46,51
-12,0,-45,52
-12,0,-44,61
-12,0,-43,63
-12,0,-42,52
-12,0,-41,49
-12,0,-40,46
-12,0,-39,51
-12,0,-38,46
-12,0,-37,43
-12,0,-36,43
-12,0,-35,36
-12,0,-34,26
-12,0,-33,31
-12,0,-32,22
-12,0,-31,23
-12,0,-30,31
-12,0,-29,25
-12,0,-28,29
-12,0,-27,26
-12,0,-26,36
-12,0,-25,38
-12,0,-24,28
-12,0,-23,22
-12,0,-22,19
-12,0,-21,21
-12,0,-20,20
-12,0,-19,17
-12,0,-18,14
-12,0,-17,15
-12,0,-16,16
-12,0,-15,11
-12,0,-14,18
-12,0,-13,16
-12,0,-12,12
-12,0,-11,11
-12,0,-10,10
-12,0,-9,10
-12,0,-8,9
-12,0,-7,11
-12,0,-6,13
-12,0,-5,10
-12,0,-4,8
-12,0,-3,10
-12,0,-2,7
-12,0,-1,11
-12,0,0,18
-12,0,1,8
-12,0,2,7
-12,0,3,5
-12,0,4,6
-12,0,5,8
-12,0,6,11
-12,0,7,9
-12,0,8,7
-12,0,9,2
-12,0,10,4
-12,0,11,8
-12,0,12,5
-12,0,13,7
-12,0,14,5
-12,0,15,6
-12,0,16,4
-12,0,17,5
-12,0,18,3
-12,0,19,3
-12,0,20,6
-11,0,-61,29
-11,0,-60,39
-11,0,-59,38
-11,0,-58,43
-11,0,-57,48
-11,0,-56,44
-11,0,-55,46
-11,0,-54,53
-11,0,-53,57
-11,0,-52,48
-11,0,-51,42
-11,0,-50,42
-11,0,-49,42
-11,0,-48,53
-11,0,-47,53
-11,0,-46,60
-11,0,-45,46
-11,0,-44,48
-11,0,-43,68
-11,0,-42,55
-11,0,-41,48
-11,0,-40,45
-11,0,-39,40
-11,0,-38,48
-11,0,-37,55
-11,0,-36,30
-11,0,-35,39
-11,0,-34,24
-11,0,-33,30
-11,0,-32,27
-11,0,-31,27
-11,0,-30,20
-11,0,-29,27
-11,0,-28,22
-11,0,-27,31
-11,0,-26,29
-11,0,-25,38
-11,0,-24,42
-11,0,-23,28
-11,0,-22,18
-11,0,-21,22
-11,0,-20,16
-11,0,-19,14
-11,0,-18,15
-11,0,-17,14
-11,0,-16,14
-11,0,-15,14
-11,0,-14,13
-11,0,-13,15
-11,0,-12,10
-11,0,-11,11
-11,0,-10,10
-11,0,-9,10
-11,0,-8,9
-11,0,-7,11
-11,0,-6,10
-11,0,-5,10
-11,0,-4,9
-11,0,-3,8
-11,0,-2,9
-11,0,-1,13
-11,0,0,16
-11,0,1,8
-11,0,2,5
-11,0,3,7
-11,0,4,7
-11,0,5,8
-11,0,6,11
-11,0,7,7
-11,0,8,7
-11,0,9,7
-11,0,10,5
-11,0,11,3
-11,0,12,5
-11,0,13,3
-11,0,14,4
-11,0,15,7
-11,0,16,3
-11,0,17,3
-11,0,18,4
-11,0,19,4
-11,0,20,2
-10,0,-62,2
-10,0,-61,33
-10,0,-60,35
-10,0,-59,38
-10,0,-58,32
-10,0,-57,30
-10,0,-56,29
-10,0,-55,35
-10,0,-54,52
-10,0,-53,52
-10,0,-52,57
-10,0,-51,59
-10,0,-50,64
-10,0,-49,68
-10,0,-48,56
-10,0,-47,52
-10,0,-46,53
-10,0,-45,50
-10,0,-44,58
-10,0,-43,59
-10,0,-42,67
-10,0,-41,58
-10,0,-40,60
-10,0,-39,52
-10,0,-38,50
-10,0,-37,45
-10,0,-36,44
-10,0,-35,47
-10,0,-34,36
-10,0,-33,35
-10,0,-32,36
-10,0,-31,36
-10,0,-30,30
-10,0,-29,44
-10,0,-28,36
-10,0,-27,32
-10,0,-26,37
-10,0,-25,36
-10,0,-24,35
-10,0,-23,39
-10,0,-22,25
-10,0,-21,23
-10,0,-20,22
-10,0,-19,15
-10,0,-18,14
-10,0,-17,16
-10,0,-16,11
-10,0,-15,12
-10,0,-14,13
-10,0,-13,12
-10,0,-12,9
-10,0,-11,9
-10,0,-10,8
-10,0,-9,8
-10,0,-8,9
-10,0,-7,8
-10,0,-6,8
-10,0,-5,8
-10,0,-4,9
-10,0,-3,9
-10,0,-2,9
-10,0,-1,6
-10,0,0,12
-10,0,1,9
-10,0,2,6
-10,0,3,6
-10,0,4,5
-10,0,5,7
-10,0,6,10
-10,0,7,10
-10,0,8,7
-10,0,9,1
-10,0,10,6
-10,0,11,5
-10,0,12,4
-10,0,13,7
-10,0,14,3
-10,0,15,5
-10,0,16,2
-10,0,17,7
-10,0,18,2
-10,0,19,1
-10,0,20,2
-9,0,-62,16
-9,0,-61,40
-9,0,-60,38
-9,0,-59,46
-9,0,-58,40
-9,0,-57,45
-9,0,-56,47
-9,0,-55,38
-9,0,-54,35
-9,0,-53,37
-9,0,-52,51
-9,0,-51,59
-9,0,-50,52
-9,0,-49,55
-9,0,-48,61
-9,0,-47,55
-9,0,-46,57
-9,0,-45,50
-9,0,-44,57
-9,0,-43,56
-9,0,-42,56
-9,0,-41,46
-9,0,-40,54
-9,0,-39,49
-9,0,-38,45
-9,0,-37,41
-9,0,-36,41
-9,0,-35,32
-9,0,-34,34
-9,0,-33,17
-9,0,-32,31
-9,0,-31,23
-9,0,-30,28
-9,0,-29,17
-9,0,-28,29
-9,0,-27,22
-9,0,-26,24
-9,0,-25,22
-9,0,-24,29
-9,0,-23,31
-9,0,-22,29
-9,0,-21,22
-9,0,-20,24
-9,0,-19,19
-9,0,-18,14
-9,0,-17,12
-9,0,-16,8
-9,0,-15,10
-9,0,-14,14
-9,0,-13,13
-9,0,-12,8
-9,0,-11,6
-9,0,-10,5
-9,0,-9,5
-9,0,-8,6
-9,0,-7,8
-9,0,-6,8
-9,0,-5,5
-9,0,-4,8
-9,0,-3,8
-9,0,-2,6
-9,0,-1,6
-9,0,0,11
-9,0,1,6
-9,0,2,6
-9,0,3,6
-9,0,4,4
-9,0,5,7
-9,0,6,9
-9,0,7,6
-9,0,8,4
-9,0,9,8
-9,0,10,4
-9,0,11,2
-9,0,12,4
-9,0,13,3
-9,0,14,6
-9,0,15,4
-9,0,16,7
-9,0,18,2
-9,0,19,3
-9,0,20,1
-8,0,-62,17
-8,0,-61,41
-8,0,-60,43
-8,0,-59,40
-8,0,-58,46
-8,0,-57,45
-8,0,-56,53
-8,0,-55,45
-8,0,-54,47
-8,0,-53,49
-8,0,-52,48
-8,0,-51,56
-8,0,-50,48
-8,0,-49,53
-8,0,-48,45
-8,0,-47,52
-8,0,-46,52
-8,0,-45,56
-8,0,-44,61
-8,0,-43,62
-8,0,-42,51
-8,0,-41,45
-8,0,-40,46
-8,0,-39,43
-8,0,-38,40
-8,0,-37,37
-8,0,-36,26
-8,0,-35,26
-8,0,-34,34
-8,0,-33,28
-8,0,-32,19
-8,0,-31,21
-8,0,-30,22
-8,0,-29,24
-8,0,-28,23
-8,0,-27,27
-8,0,-26,20
-8,0,-25,22
-8,0,-24,25
-8,0,-23,23
-8,0,-22,27
-8,0,-21,35
-8,0,-20,27
-8,0,-19,22
-8,0,-18,14
-8,0,-17,11
-8,0,-16,12
-8,0,-15,12
-8,0,-14,12
-8,0,-13,14
-8,0,-12,7
-8,0,-11,5
-8,0,-10,5
-8,0,-9,5
-8,0,-8,6
-8,0,-7,8
-8,0,-6,5
-8,0,-5,8
-8,0,-4,7
-8,0,-3,6
-8,0,-2,5
-8,0,-1,5
-8,0,0,11
-8,0,1,7
-8,0,2,5
-8,0,3,5
-8,0,4,4
-8,0,5,9
-8,0,6,8
-8,0,7,5
-8,0,8,4
-8,0,9,2
-8,0,10,4
-8,0,11,4
-8,0,12,4
-8,0,13,2
-8,0,14,6
-8,0,15,3
-8,0,16,2
-8,0,17,4
-8,0,18,3
-8,0,19,2
-7,0,-62,20
-7,0,-61,42
-7,0,-60,39
-7,0,-59,38
-7,0,-58,45
-7,0,-57,55
-7,0,-56,41
-7,0,-55,49
-7,0,-54,51
-7,0,-53,48
-7,0,-52,50
-7,0,-51,49
-7,0,-50,66
-7,0,-49,58
-7,0,-48,56
-7,0,-47,48
-7,0,-46,40
-7,0,-45,50
-7,0,-44,55
-7,0,-43,62
-7,0,-42,45
-7,0,-41,49
-7,0,-40,41
-7,0,-39,45
-7,0,-38,38
-7,0,-37,25
-7,0,-36,27
-7,0,-35,33
-7,0,-34,19
-7,0,-33,24
-7,0,-32,24
-7,0,-31,23
-7,0,-30,17
-7,0,-29,16
-7,0,-28,19
-7,0,-27,17
-7,0,-26,23
-7,0,-25,22
-7,0,-24,25
-7,0,-23,19
-7,0,-22,18
-7,0,-21,30
-7,0,-20,33
-7,0,-19,28
-7,0,-18,19
-7,0,-17,13
-7,0,-16,8
-7,0,-15,12
-7,0,-14,9
-7,0,-13,7
-7,0,-12,5
-7,0,-11,5
-7,0,-10,5
-7,0,-9,5
-7,0,-8,5
-7,0,-7,4
-7,0,-6,5
-7,0,-5,5
-7,0,-4,7
-7,0,-3,4
-7,0,-2,4
-7,0,-1,5
-7,0,0,9
-7,0,1,6
-7,0,2,3
-7,0,3,3
-7,0,4,4
-7,0,5,9
-7,0,6,5
-7,0,7,2
-7,0,8,5
-7,0,9,4
-7,0,10,2
-7,0,11,3
-7,0,12,2
-7,0,13,3
-7,0,14,5
-7,0,15,5
-7,0,16,4
-7,0,17,3
-7,0,18,1
-7,0,19,1
-6,0,-62,27
-6,0,-61,39
-6,0,-60,45
-6,0,-59,46
-6,0,-58,44
-6,0,-57,34
-6,0,-56,37
-6,0,-55,37
-6,0,-54,37
-6,0,-53,40
-6,0,-52,47
-6,0,-51,49
-6,0,-50,50
-6,0,-49,53
-6,0,-48,53
-6,0,-47,53
-6,0,-46,50
-6,0,-45,57
-6,0,-44,44
-6,0,-43,44
-6,0,-42,48
-6,0,-41,46
-6,0,-40,43
-6,0,-39,43
-6,0,-38,40
-6,0,-37,28
-6,0,-36,32
-6,0,-35,21
-6,0,-34,22
-6,0,-33,28
-6,0,-32,25
-6,0,-31,10
-6,0,-30,19
-6,0,-29,16
-6,0,-28,17
-6,0,-27,14
-6,0,-26,14
-6,0,-25,22
-6,0,-24,19
-6,0,-23,21
-6,0,-22,23
-6,0,-21,19
-6,0,-20,23
-6,0,-19,23
-6,0,-18,25
-6,0,-17,14
-6,0,-16,9
-6,0,-15,7
-6,0,-14,8
-6,0,-13,4
-6,0,-12,3
-6,0,-8,1
-6,0,-7,4
-6,0,-6,2
-6,0,-5,4
-6,0,-4,3
-6,0,-3,4
-6,0,-2,3
-6,0,-1,6
-6,0,0,8
-6,0,1,4
-6,0,2,5
-6,0,3,4
-6,0,4,3
-6,0,5,9
-6,0,6,2
-6,0,7,4
-6,0,8,3
-6,0,9,2
-6,0,10,5
-6,0,11,3
-6,0,12,2
-6,0,13,2
-6,0,14,5
-6,0,15,1
-6,0,16,1
-6,0,17,4
-6,0,18,2
-5,0,-62,30
-5,0,-61,39
-5,0,-60,44
-5,0,-59,40
-5,0,-58,43
-5,0,-57,41
-5,0,-56,39
-5,0,-55,46
-5,0,-54,53
-5,0,-53,46
-5,0,-52,51
-5,0,-51,61
-5,0,-50,50
-5,0,-49,42
-5,0,-48,48
-5,0,-47,41
-5,0,-46,48
-5,0,-45,57
-5,0,-44,54
-5,0,-43,50
-5,0,-42,52
-5,0,-41,47
-5,0,-40,41
-5,0,-39,37
-5,0,-38,42
-5,0,-37,32
-5,0,-36,25
-5,0,-35,29
-5,0,-34,31
-5,0,-33,28
-5,0,-32,21
-5,0,-31,25
-5,0,-30,16
-5,0,-29,16
-5,0,-28,12
-5,0,-27,16
-5,0,-26,16
-5,0,-25,14
-5,0,-24,17
-5,0,-23,22
-5,0,-22,21
-5,0,-21,21
-5,0,-20,16
-5,0,-19,19
-5,0,-18,18
-5,0,-17,17
-5,0,-16,4
-5,0,-15,5
-5,0,-14,3
-5,0,-6,2
-5,0,-5,3
-5,0,-4,2
-5,0,-3,2
-5,0,-2,3
-5,0,-1,3
-5,0,0,7
-5,0,1,3
-5,0,2,4
-5,0,3,4
-5,0,4,5
-5,0,5,4
-5,0,6,3
-5,0,7,4
-5,0,8,4
-5,0,9,5
-5,0,10,2
-5,0,11,2
-5,0,12,4
-5,0,13,3
-5,0,14,2
-5,0,15,3
-5,0,16,4
-5,0,17,2
-4,0,-62,37
-4,0,-61,40
-4,0,-60,36
-4,0,-59,41
-4,0,-58,47
-4,0,-57,46
-4,0,-56,43
-4,0,-55,45
-4,0,-54,41
-4,0,-53,43
-4,0,-52,61
-4,0,-51,53
-4,0,-50,58
-4,0,-49,48
-4,0,-48,43
-4,0,-47,61
-4,0,-46,47
-4,0,-45,58
-4,0,-44,43
-4,0,-43,58
-4,0,-42,41
-4,0,-41,39
-4,0,-40,46
-4,0,-39,40
-4,0,-38,39
-4,0,-37,35
-4,0,-36,30
-4,0,-35,36
-4,0,-34,26
-4,0,-33,44
-4,0,-32,35
-4,0,-31,37
-4,0,-30,19
-4,0,-29,16
-4,0,-28,21
-4,0,-27,12
-4,0,-26,12
-4,0,-25,15
-4,0,-24,14
-4,0,-23,19
-4,0,-22,21
-4,0,-21,18
-4,0,-20,20
-4,0,-19,14
-4,0,-18,15
-4,0,-17,8
-4,0,-16,9
-4,0,-15,2
-4,0,-6,1
-4,0,-5,1
-4,0,-4,1
-4,0,-3,2
-4,0,-2,2
-4,0,-1,3
-4,0,0,6
-4,0,1,2
-4,0,2,4
-4,0,3,3
-4,0,4,5
-4,0,5,4
-4,0,6,3
-4,0,7,1
-4,0,9,4
-4,0,10,3
-4,0,11,4
-4,0,12,2
-4,0,13,2
-4,0,14,4
-4,0,15,4
-4,0,16,1
-4,0,17,1
-3,0,-62,43
-3,0,-61,39
-3,0,-60,41
-3,0,-59,44
-3,0,-58,40
-3,0,-57,35
-3,0,-56,43
-3,0,-55,45
-3,0,-54,42
-3,0,-53,40
-3,0,-52,42
-3,0,-51,61
-3,0,-50,50
-3,0,-49,48
-3,0,-48,52
-3,0,-47,49
-3,0,-46,51
-3,0,-45,55
-3,0,-44,47
-3,0,-43,50
-3,0,-42,45
-3,0,-41,47
-3,0,-40,42
-3,0,-39,35
-3,0,-38,36
-3,0,-37,31
-3,0,-36,34
-3,0,-35,35
-3,0,-34,28
-3,0,-33,36
-3,0,-32,47
-3,0,-31,41
-3,0,-30,34
-3,0,-29,20
-3,0,-28,14
-3,0,-27,20
-3,0,-26,15
-3,0,-25,9
-3,0,-24,17
-3,0,-23,16
-3,0,-22,15
-3,0,-21,14
-3,0,-20,15
-3,0,-19,11
-3,0,-18,8
-3,0,-17,9
-3,0,-16,1
-3,0,-4,1
-3,0,-3,1
-3,0,-2,2
-3,0,-1,2
-3,0,0,5
-3,0,1,2
-3,0,2,3
-3,0,3,3
-3,0,4,2
-3,0,5,2
-3,0,6,2
-3,0,7,2
-3,0,8,3
-3,0,10,1
-3,0,11,3
-3,0,12,2
-3,0,13,1
-3,0,14,1
-3,0,15,5
-3,0,16,1
-2,0,-62,29
-2,0,-61,44
-2,0,-60,26
-2,0,-59,43
-2,0,-58,35
-2,0,-57,34
-2,0,-56,40
-2,0,-55,45
-2,0,-54,51
-2,0,-53,50
-2,0,-52,48
-2,0,-51,46
-2,0,-50,50
-2,0,-49,52
-2,0,-48,52
-2,0,-47,46
-2,0,-46,52
-2,0,-45,58
-2,0,-44,48
-2,0,-43,51
-2,0,-42,52
-2,0,-41,45
-2,0,-40,39
-2,0,-39,54
-2,0,-38,34
-2,0,-37,34
-2,0,-36,28
-2,0,-35,18
-2,0,-34,29
-2,0,-33,34
-2,0,-32,37
-2,0,-31,48
-2,0,-30,51
-2,0,-29,37
-2,0,-28,23
-2,0,-27,14
-2,0,-26,20
-2,0,-25,14
-2,0,-24,17
-2,0,-23,14
-2,0,-22,12
-2,0,-21,14
-2,0,-20,8
-2,0,-19,11
-2,0,-18,5
-2,0,-17,4
-2,0,-4,1
-2,0,-3,1
-2,0,-2,1
-2,0,-1,2
-2,0,0,4
-2,0,1,1
-2,0,2,3
-2,0,3,2
-2,0,4,2
-2,0,5,2
-2,0,6,1
-2,0,7,2
-2,0,8,2
-2,0,9,3
-2,0,10,1
-2,0,12,1
-2,0,13,2
-2,0,14,3
-2,0,15,1
-1,0,-62,32
-1,0,-61,36
-1,0,-60,35
-1,0,-59,33
-1,0,-58,38
-1,0,-57,30
-1,0,-56,45
-1,0,-55,24
-1,0,-54,33
-1,0,-53,40
-1,0,-52,46
-1,0,-51,46
-1,0,-50,46
-1,0,-49,57
-1,0,-48,44
-1,0,-47,44
-1,0,-46,51
-1,0,-45,42
-1,0,-44,51
-1,0,-43,41
-1,0,-42,35
-1,0,-41,47
-1,0,-40,47
-1,0,-39,52
-1,0,-38,46
-1,0,-37,47
-1,0,-36,31
-1,0,-35,12
-1,0,-34,10
-1,0,-33,14
-1,0,-32,13
-1,0,-31,33
-1,0,-30,50
-1,0,-29,60
-1,0,-28,38
-1,0,-27,39
-1,0,-26,15
-1,0,-25,14
-1,0,-24,15
-1,0,-23,16
-1,0,-22,12
-1,0,-21,12
-1,0,-20,13
-1,0,-19,10
-1,0,-18,5
-1,0,-3,1
-1,0,-2,1
-1,0,-1,1
-1,0,0,3
-1,0,1,2
-1,0,2,1
-1,0,3,2
-1,0,4,1
-1,0,5,2
-1,0,6,2
-1,0,9,1
-1,0,10,2
-1,0,11,1
-1,0,12,1
-1,0,13,1
0,0,-63,1
0,0,-62,49
0,0,-61,73
0,0,-60,73
0,0,-59,93
0,0,-58,116
0,0,-57,112
0,0,-56,117
0,0,-55,136
0,0,-54,125
0,0,-53,133
0,0,-52,149
0,0,-51,172
0,0,-50,150
0,0,-49,141
0,0,-48,157
0,0,-47,114
0,0,-46,141
0,0,-45,130
0,0,-44,133
0,0,-43,122
0,0,-42,129
0,0,-41,126
0,0,-40,121
0,0,-39,121
0,0,-38,117
0,0,-37,117
0,0,-36,85
0,0,-35,113
0,0,-34,105
0,0,-33,96
0,0,-32,109
0,0,-31,97
0,0,-30,96
0,0,-29,105
0,0,-28,89
0,0,-27,88
0,0,-26,81
0,0,-25,77
0,0,-24,73
0,0,-23,77
0,0,-22,65
0,0,-21,57
0,0,-20,53
0,0,-19,53
0,0,-18,32
0,0,-2,4
0,0,-1,8
0,0,0,12
0,0,1,8
0,0,2,12
0,0,3,16
0,0,4,16
0,0,5,16
0,0,6,8
0,0,7,16
0,0,8,16
0,0,9,12
0,0,10,12
0,0,12,8
0,0,13,4
1,0,-62,32
1,0,-61,36
1,0,-60,35
1,0,-59,33
1,0,-58,38
1,0,-57,30
1,0,-56,45
1,0,-55,24
1,0,-54,33
1,0,-53,40
1,0,-52,46
1,0,-51,46
1,0,-50,46
1,0,-49,57
1,0,-48,44
1,0,-47,44
1,0,-46,51
1,0,-45,42
1,0,-44,51
1,0,-43,41
1,0,-42,35
1,0,-41,47
1,0,-40,47
1,0,-39,52
1,0,-38,46
1,0,-37,47
1,0,-36,31
1,0,-35,12
1,0,-34,10
1,0,-33,14
1,0,-32,13
1,0,-31,33
1,0,-30,50
1,0,-29,60
1,0,-28,38
1,0,-27,39
1,0,-26,15
1,0,-25,14
1,0,-24,15
1,0,-23,16
1,0,-22,12
1,0,-21,12
1,0,-20,13
1,0,-19,10
1,0,-18,5
1,0,-3,1
1,0,-2,1
1,0,-1,1
1,0,0,3
1,0,1,2
1,0,2,1
1,0,3,2
1,0,4,1
1,0,5,2
1,0,6,2
1,0,9,1
1,0,10,2
1,0,11,1
1,0,12,1
1,0,13,1
2,0,-62,29
2,0,-61,44
2,0,-60,26
2,0,-59,43
2,0,-58,35
2,0,-57,34
2,0,-56,40
2,0,-55,45
2,0,-54,51
2,0,-53,50
2,0,-52,48
2,0,-51,46
2,0,-50,50
2,0,-49,52
2,0,-48,52
2,0,-47,46
2,0,-46,52
2,0,-45,58
2,0,-44,48
2,0,-43,51
2,0,-42,52
2,0,-41,45
2,0,-40,39
2,0,-39,54
2,0,-38,34
2,0,-37,34
2,0,-36,28
2,0,-35,18
2,0,-34,29
2,0,-33,34
2,0,-32,37
2,0,-31,48
2,0,-30,51
2,0,-29,37
2,0,-28,23
2,0,-27,14
2,0,-26,20
2,0,-25,14
2,0,-24,17
2,0,-23,14
2,0,-22,12
2,0,-21,14
2,0,-20,8
2,0,-19,11
2,0,-18,5
2,0,-17,4
2,0,-4,1
2,0,-3,1
2,0,-2,1
2,0,-1,2
2,0,0,4
2,0,1,1
2,0,2,3
2,0,3,2
2,0,4,2
2,0,5,2
2,0,6,1
2,0,7,2
2,0,8,2
2,0,9,3
2,0,10,1
2,0,12,1
2,0,13,2
2,0,14,3
2,0,15,1
3,0,-62,43
3,0,-61,39
3,0,-60,41
3,0,-59,44
3,0,-58,40
3,0,-57,35
3,0,-56,43
3,0,-55,45
3,0,-54,42
3,0,-53,40
3,0,-52,42
3,0,-51,61
3,0,-50,50
3,0,-49,48
3,0,-48,52
3,0,-47,49
3,0,-46,51
3,0,-45,55
3,0,-44,47
3,0,-43,50
3,0,-42,45
3,0,-41,47
3,0,-40,42
3,0,-39,35
3,0,-38,36
3,0,-37,31
3,0,-36,34
3,0,-35,35
3,0,-34,28
3,0,-33,36
3,0,-32,47
3,0,-31,41
3,0,-30,34
3,0,-29,20
3,0,-28,14
3,0,-27,20
3,0,-26,15
3,0,-25,9
3,0,-24,17
3,0,-23,16
3,0,-22,15
3,0,-21,14
3,0,-20,15
3,0,-19,11
3,0,-18,8
3,0,-17,9
3,0,-16,1
3,0,-4,1
3,0,-3,1
3,0,-2,2
3,0,-1,2
3,0,0,5
3,0,1,2
3,0,2,3
3,0,3,3
3,0,4,2
3,0,5,2
3,0,6,2
3,0,7,2
3,0,8,3
3,0,10,1
3,0,11,3
3,0,12,2
3,0,13,1
3,0,14,1
3,0,15,5
3,0,16,1
4,0,-62,37
4,0,-61,40
4,0,-60,36
4,0,-59,41
4,0,-58,47
4,0,-57,46
4,0,-56,43
4,0,-55,45
4,0,-54,41
4,0,-53,43
4,0,-52,61
4,0,-51,53
4,0,-50,58
4,0,-49,48
4,0,-48,43
4,0,-47,61
4,0,-46,47
4,0,-45,58
4,0,-44,43
4,0,-43,58
4,0,-42,41
4,0,-41,39
4,0,-40,46
4,0,-39,40
4,0,-38,39
4,0,-37,35
4,0,-36,30
4,0,-35,36
4,0,-34,26
4,0,-33,44
4,0,-32,35
4,0,-31,37
4,0,-30,19
4,0,-29,16
4,0,-28,21
4,0,-27,12
4,0,-26,12
4,0,-25,15
4,0,-24,14
4,0,-23,19
4,0,-22,21
4,0,-21,18
4,0,-20,20
4,0,-19,14
4,0,-18,15
4,0,-17,8
4,0,-16,9
4,0,-15,2
4,0,-6,1
4,0,-5,1
4,0,-4,1
4,0,-3,2
4,0,-2,2
4,0,-1,3
4,0,0,6
4,0,1,2
4,0,2,4
4,0,3,3
4,0,4,5
4,0,5,4
4,0,6,3
4,0,7,1
4,0,9,4
4,0,10,3
4,0,11,4
4,0,12,2
4,0,13,2
4,0,14,4
4,0,15,4
4,0,16,1
4,0,17,1
5,0,-62,30
5,0,-61,39
5,0,-60,44
5,0,-59,40
5,0,-58,43
5,0,-57,41
5,0,-56,39
5,0,-55,46
5,0,-54,53
5,0,-53,46
5,0,-52,51
5,0,-51,61
5,0,-50,50
5,0,-49,42
5,0,-48,48
5,0,-47,41
5,0,-46,48
5,0,-45,57
5,0,-44,54
5,0,-43,50
5,0,-42,52
5,0,-41,47
5,0,-40,41
5,0,-39,37
5,0,-38,42
5,0,-37,32
5,0,-36,25
5,0,-35,29
5,0,-34,31
5,0,-33,28
5,0,-32,21
5,0,-31,25
5,0,-30,16
5,0,-29,16
5,0,-28,12
5,0,-27,16
5,0,-26,16
5,0,-25,14
5,0,-24,17
5,0,-23,22
5,0,-22,21
5,0,-21,21
5,0,-20,16
5,0,-19,19
5,0,-18,18
5,0,-17,17
5,0,-16,4
5,0,-15,5
5,0,-14,3
5,0,-6,2
5,0,-5,3
5,0,-4,2
5,0,-3,2
5,0,-2,3
5,0,-1,3
5,0,0,7
5,0,1,3
5,0,2,4
5,0,3,4
5,0,4,5
5,0,5,4
5,0,6,3
5,0,7,4
5,0,8,4
5,0,9,5
5,0,10,2
5,0,11,2
5,0,12,4
5,0,13,3
5,0,14,2
5,0,15,3
5,0,16,4
5,0,17,2
6,0,-62,27
6,0,-61,39
6,0,-60,45
6,0,-59,46
6,0,-58,44
6,0,-57,34
6,0,-56,37
6,0,-55,37
6,0,-54,37
6,0,-53,40
6,0,-52,47
6,0,-51,49
6,0,-50,50
6,0,-49,53
6,0,-48,53
6,0,-47,53
6,0,-46,50
6,0,-45,57
6,0,-44,44
6,0,-43,44
6,0,-42,48
6,0,-41,46
6,0,-40,43
6,0,-39,43
6,0,-38,40
6,0,-37,28
6,0,-36,32
6,0,-35,21
6,0,-34,22
6,0,-33,28
6,0,-32,25
6,0,-31,10
6,0,-30,19
6,0,-29,16
6,0,-28,17
6,0,-27,14
6,0,-26,14
6,0,-25,22
6,0,-24,19
6,0,-23,21
6,0,-22,23
6,0,-21,19
6,0,-20,23
6,0,-19,23
6,0,-18,25
6,0,-17,14
6,0,-16,9
6,0,-15,7
6,0,-14,8
6,0,-13,4
6,0,-12,3
6,0,-8,1
6,0,-7,4
6,0,-6,2
6,0,-5,4
6,0,-4,3
6,0,-3,4
6,0,-2,3
6,0,-1,6
6,0,0,8
6,0,1,4
6,0,2,5
6,0,3,4
6,0,4,3
6,0,5,9
6,0,6,2
6,0,7,4
6,0,8,3
6,0,9,2
6,0,10,5
6,0,11,3
6,0,12,2
6,0,13,2
6,0,14,5
6,0,15,1
6,0,16,1
6,0,17,4
6,0,18,2
7,0,-62,20
7,0,-61,42
7,0,-60,39
7,0,-59,38
7,0,-58,45
7,0,-57,55
7,0,-56,41
7,0,-55,49
7,0,-54,51
7,0,-53,48
7,0,-52,50
7,0,-51,49
7,0,-50,66
7,0,-49,58
7,0,-48,56
7,0,-47,48
7,0,-46,40
7,0,-45,50
7,0,-44,55
7,0,-43,62
7,0,-42,45
7,0,-41,49
7,0,-40,41
7,0,-39,45
7,0,-38,38
7,0,-37,25
7,0,-36,27
7,0,-35,33
7,0,-34,19
7,0,-33,24
7,0,-32,24
7,0,-31,23
7,0,-30,17
7,0,-29,16
7,0,-28,19
7,0,-27,17
7,0,-26,23
7,0,-25,22
7,0,-24,25
7,0,-23,19
7,0,-22,18
7,0,-21,30
7,0,-20,33
7,0,-19,28
7,0,-18,19
7,0,-17,13
7,0,-16,8
7,0,-15,12
7,0,-14,9
7,0,-13,7
7,0,-12,5
7,0,-11,5
7,0,-10,5
7,0,-9,5
7,0,-8,5
7,0,-7,4
7,0,-6,5
7,0,-5,5
7,0,-4,7
7,0,-3,4
7,0,-2,4
7,0,-1,5
7,0,0,9
7,0,1,6
7,0,2,3
7,0,3,3
7,0,4,4
7,0,5,9
7,0,6,5
7,0,7,2
7,0,8,5
7,0,9,4
7,0,10,2
7,0,11,3
7,0,12,2
7,0,13,3
7,0,14,5
7,0,15,5
7,0,16,4
7,0,17,3
7,0,18,1
7,0,19,1
8,0,-62,17
8,0,-61,41
8,0,-60,43
8,0,-59,40
8,0,-58,46
8,0,-57,45
8,0,-56,53
8,0,-55,45
8,0,-54,47
8,0,-53,49
8,0,-52,48
8,0,-51,56
8,0,-50,48
8,0,-49,53
8,0,-48,45
8,0,-47,52
8,0,-46,52
8,0,-45,56
8,0,-44,61
8,0,-43,62
8,0,-42,51
8,0,-41,45
8,0,-40,46
8,0,-39,43
8,0,-38,40
8,0,-37,37
8,0,-36,26
8,0,-35,26
8,0,-34,34
8,0,-33,28
8,0,-32,19
8,0,-31,21
8,0,-30,22
8,0,-29,24
8,0,-28,23
8,0,-27,27
8,0,-26,20
8,0,-25,22
8,0,-24,25
8,0,-23,23
8,0,-22,27
8,0,-21,35
8,0,-20,27
8,0,-19,22
8,0,-18,14
8,0,-17,11
8,0,-16,12
8,0,-15,12
8,0,-14,12
8,0,-13,14
8,0,-12,7
8,0,-11,5
8,0,-10,5
8,0,-9,5
8,0,-8,6
8,0,-7,8
8,0,-6,5
8,0,-5,8
8,0,-4,7
8,0,-3,6
8,0,-2,5
8,0,-1,5
8,0,0,11
8,0,1,7
8,0,2,5
8,0,3,5
8,0,4,4
8,0,5,9
8,0,6,8
8,0,7,5
8,0,8,4
8,0,9,2
8,0,10,4
8,0,11,4
8,0,12,4
8,0,13,2
8,0,14,6
8,0,15,3
8,0,16,2
8,0,17,4
8,0,18,3
8,0,19,2
9,0,-62,16
9,0,-61,40
9,0,-60,38
9,0,-59,46
9,0,-58,40
9,0,-57,45
9,0,-56,47
9,0,-55,38
9,0,-54,35
9,0,-53,37
9,0,-52,51
9,0,-51,59
9,0,-50,52
9,0,-49,55
9,0,-48,61
9,0,-47,55
9,0,-46,57
9,0,-45,50
9,0,-44,57
9,0,-43,56
9,0,-42,56
9,0,-41,46
9,0,-40,54
9,0,-39,49
9,0,-38,45
9,0,-37,41
9,0,-36,41
9,0,-35,32
9,0,-34,34
9,0,-33,17
9,0,-32,31
9,0,-31,23
9,0,-30,28
9,0,-29,17
9,0,-28,29
9,0,-27,22
9,0,-26,24
9,0,-25,22
9,0,-24,29
9,0,-23,31
9,0,-22,29
9,0,-21,22
9,0,-20,24
9,0,-19,19
9,0,-18,14
9,0,-17,12
9,0,-16,8
9,0,-15,10
9,0,-14,14
9,0,-13,13
9,0,-12,8
9,0,-11,6
9,0,-10,5
9,0,-9,5
9,0,-8,6
9,0,-7,8
9,0,-6,8
9,0,-5,5
9,0,-4,8
9,0,-3,8
9,0,-2,6
9,0,-1,6
9,0,0,11
9,0,1,6
9,0,2,6
9,0,3,6
9,0,4,4
9,0,5,7
9,0,6,9
9,0,7,6
9,0,8,4
9,0,9,8
9,0,10,4
9,0,11,2
9,0,12,4
9,0,13,3
9,0,14,6
9,0,15,4
9,0,16,7
9,0,18,2
9,0,19,3
9,0,20,1
10,0,-62,2
10,0,-61,33
10,0,-60,35
10,0,-59,38
10,0,-58,32
10,0,-57,30
10,0,-56,29
10,0,-55,35
10,0,-54,52
10,0,-53,52
10,0,-52,57
10,0,-51,59
10,0,-50,64
10,0,-49,68
10,0,-48,56
10,0,-47,52
10,0,-46,53
10,0,-45,50
10,0,-44,58
10,0,-43,59
10,0,-42,67
10,0,-41,58
10,0,-40,60
10,0,-39,52
10,0,-38,50
10,0,-37,45
10,0,-36,44
10,0,-35,47
10,0,-34,36
10,0,-33,35
10,0,-32,36
10,0,-31,36
10,0,-30,30
10,0,-29,44
10,0,-28,36
10,0,-27,32
10,0,-26,37
10,0,-25,36
10,0,-24,35
10,0,-23,39
10,0,-22,25
10,0,-21,23
10,0,-20,22
10,0,-19,15
10,0,-18,14
10,0,-17,16
10,0,-16,11
10,0,-15,12
10,0,-14,13
10,0,-13,12
10,0,-12,9
10,0,-11,9
10,0,-10,8
10,0,-9,8
10,0,-8,9
10,0,-7,8
10,0,-6,8
10,0,-5,8
10,0,-4,9
10,0,-3,9
10,0,-2,9
10,0,-1,6
10,0,0,12
10,0,1,9
10,0,2,6
10,0,3,6
10,0,4,5
10,0,5,7
10,0,6,10
10,0,7,10
10,0,8,7
10,0,9,1
10,0,10,6
10,0,11,5
10,0,12,4
10,0,13,7
10,0,14,3
10,0,15,5
10,0,16,2
10,0,17,7
10,0,18,2
10,0,19,1
10,0,20,2
11,0,-61,29
11,0,-60,39
11,0,-59,38
11,0,-58,43
11,0,-57,48
11,0,-56,44
11,0,-55,46
11,0,-54,53
11,0,-53,57
11,0,-52,48
11,0,-51,42
11,0,-50,42
11,0,-49,42
11,0,-48,53
11,0,-47,53
11,0,-46,60
11,0,-45,46
11,0,-44,48
11,0,-43,68
11,0,-42,55
11,0,-41,48
11,0,-40,45
11,0,-39,40
11,0,-38,48
11,0,-37,55
11,0,-36,30
11,0,-35,39
11,0,-34,24
11,0,-33,30
11,0,-32,27
11,0,-31,27
11,0,-30,20
11,0,-29,27
11,0,-28,22
11,0,-27,31
11,0,-26,29
11,0,-25,38
11,0,-24,42
11,0,-23,28
11,0,-22,18
11,0,-21,22
11,0,-20,16
11,0,-19,14
11,0,-18,15
11,0,-17,14
11,0,-16,14
11,0,-15,14
11,0,-14,13
11,0,-13,15
11,0,-12,10
11,0,-11,11
11,0,-10,10
11,0,-9,10
11,0,-8,9
11,0,-7,11
11,0,-6,10
11,0,-5,10
11,0,-4,9
11,0,-3,8
11,0,-2,9
11,0,-1,13
11,0,0,16
11,0,1,8
11,0,2,5
11,0,3,7
11,0,4,7
11,0,5,8
11,0,6,11
11,0,7,7
11,0,8,7
11,0,9,7
11,0,10,5
11,0,11,3
11,0,12,5
11,0,13,3
11,0,14,4
11,0,15,7
11,0,16,3
11,0,17,3
11,0,18,4
11,0,19,4
11,0,20,2
12,0,-61,30
12,0,-60,47
12,0,-59,42
12,0,-58,46
12,0,-57,38
12,0,-56,47
12,0,-55,38
12,0,-54,46
12,0,-53,44
12,0,-52,38
12,0,-51,47
12,0,-50,49
12,0,-49,63
12,0,-48,52
12,0,-47,50
12,0,-46,51
12,0,-45,52
12,0,-44,61
12,0,-43,63
12,0,-42,52
12,0,-41,49
12,0,-40,46
12,0,-39,51
12,0,-38,46
12,0,-37,43
12,0,-36,43
12,0,-35,36
12,0,-34,26
12,0,-33,31
12,0,-32,22
12,0,-31,23
12,0,-30,31
12,0,-29,25
12,0,-28,29
12,0,-27,26
12,0,-26,36
12,0,-25,38
12,0,-24,28
12,0,-23,22
12,0,-22,19
12,0,-21,21
12,0,-20,20
12,0,-19,17
12,0,-18,14
12,0,-17,15
12,0,-16,16
12,0,-15,11
12,0,-14,18
12,0,-13,16
12,0,-12,12
12,0,-11,11
12,0,-10,10
12,0,-9,10
12,0,-8,9
12,0,-7,11
12,0,-6,13
12,0,-5,10
12,0,-4,8
12,0,-3,10
12,0,-2,7
12,0,-1,11
12,0,0,18
12,0,1,8
12,0,2,7
12,0,3,5
12,0,4,6
12,0,5,8
12,0,6,11
12,0,7,9
12,0,8,7
12,0,9,2
12,0,10,4
12,0,11,8
12,0,12,5
12,0,13,7
12,0,14,5
12,0,15,6
12,0,16,4
12,0,17,5
12,0,18,3
12,0,19,3
12,0,20,6
13,0,-61,19
13,0,-60,37
13,0,-59,35
13,0,-58,46
13,0,-57,43
13,0,-56,40
13,0,-55,32
13,0,-54,55
13,0,-53,41
13,0,-52,43
13,0,-51,44
13,0,-50,57
13,0,-49,54
13,0,-48,56
13,0,-47,53
13,0,-46,53
13,0,-45,50
13,0,-44,48
13,0,-43,50
13,0,-42,44
13,0,-41,59
13,0,-40,45
13,0,-39,40
13,0,-38,51
13,0,-37,57
13,0,-36,60
13,0,-35,31
13,0,-34,44
13,0,-33,36
13,0,-32,29
13,0,-31,29
13,0,-30,27
13,0,-29,19
13,0,-28,25
13,0,-27,32
13,0,-26,39
13,0,-25,31
13,0,-24,28
13,0,-23,27
13,0,-22,27
13,0,-21,15
13,0,-20,20
13,0,-19,18
13,0,-18,15
13,0,-17,14
13,0,-16,13
13,0,-15,16
13,0,-14,14
13,0,-13,15
13,0,-12,10
13,0,-11,10
13,0,-10,10
13,0,-9,10
13,0,-8,10
13,0,-7,11
13,0,-6,13
13,0,-5,12
13,0,-4,11
13,0,-3,8
13,0,-2,13
13,0,-1,10
13,0,0,19
13,0,1,11
13,0,2,7
13,0,3,6
13,0,4,7
13,0,5,6
13,0,6,11
13,0,7,10
13,0,8,6
13,0,9,13
13,0,10,5
13,0,11,4
13,0,12,5
13,0,13,8
13,0,14,7
13,0,15,3
13,0,16,6
13,0,17,3
13,0,18,6
13,0,19,4
13,0,20,2
13,0,21,2
14,0,-61,4
14,0,-60,39
14,0,-59,39
14,0,-58,38
14,0,-57,36
14,0,-56,45
14,0,-55,35
14,0,-54,41
14,0,-53,43
14,0,-52,59
14,0,-51,52
14,0,-50,69
14,0,-49,64
14,0,-48,66
14,0,-47,66
14,0,-46,65
14,0,-45,69
14,0,-44,54
14,0,-43,66
14,0,-42,66
14,0,-41,59
14,0,-40,61
14,0,-39,54
14,0,-38,44
14,0,-37,61
14,0,-36,48
14,0,-35,39
14,0,-34,49
14,0,-33,39
14,0,-32,31
14,0,-31,36
14,0,-30,35
14,0,-29,36
14,0,-28,41
14,0,-27,44
14,0,-26,28
14,0,-25,30
14,0,-24,28
14,0,-23,29
14,0,-22,29
14,0,-21,24
14,0,-20,21
14,0,-19,22
14,0,-18,18
14,0,-17,20
14,0,-16,21
14,0,-15,16
14,0,-14,12
14,0,-13,17
14,0,-12,14
14,0,-11,15
14,0,-10,15
14,0,-9,14
14,0,-8,14
14,0,-7,12
14,0,-6,13
14,0,-5,13
14,0,-4,16
14,0,-3,15
14,0,-2,13
14,0,-1,16
14,0,0,17
14,0,1,13
14,0,2,9
14,0,3,8
14,0,4,6
14,0,5,13
14,0,6,9
14,0,7,12
14,0,8,8
14,0,9,3
14,0,10,7
14,0,11,4
14,0,12,9
14,0,13,5
14,0,14,6
14,0,15,6
14,0,16,7
14,0,17,4
14,0,18,5
14,0,19,3
14,0,20,4
14,0,21,3
15,0,-60,22
15,0,-59,47
15,0,-58,40
15,0,-57,41
15,0,-56,42
15,0,-55,41
15,0,-54,39
15,0,-53,48
15,0,-52,57
15,0,-51,62
15,0,-50,45
15,0,-49,64
15,0,-48,54
15,0,-47,62
15,0,-46,59
15,0,-45,60
15,0,-44,53
15,0,-43,56
15,0,-42,65
15,0,-41,54
15,0,-40,55
15,0,-39,46
15,0,-38,43
15,0,-37,48
15,0,-36,53
15,0,-35,51
15,0,-34,48
15,0,-33,40
15,0,-32,40
15,0,-31,23
15,0,-30,40
15,0,-29,35
15,0,-28,42
15,0,-27,31
15,0,-26,24
15,0,-25,29
15,0,-24,21
15,0,-23,26
15,0,-22,20
15,0,-21,23
15,0,-20,22
15,0,-19,22
15,0,-18,18
15,0,-17,21
15,0,-16,19
15,0,-15,15
15,0,-14,22
15,0,-13,17
15,0,-12,15
15,0,-11,13
15,0,-10,14
15,0,-9,14
15,0,-8,15
15,0,-7,16
15,0,-6,17
15,0,-5,16
15,0,-4,17
15,0,-3,16
15,0,-2,16
15,0,-1,14
15,0,0,15
15,0,1,8
15,0,2,12
15,0,3,9
15,0,4,6
15,0,5,9
15,0,6,9
15,0,7,7
15,0,8,5
15,0,9,10
15,0,10,7
15,0,11,10
15,0,12,4
15,0,13,9
15,0,14,4
15,0,15,7
15,0,16,5
15,0,17,3
15,0,18,4
15,0,19,5
15,0,20,3
15,0,21,2
16,0,-60,16
16,0,-59,37
16,0,-58,40
16,0,-57,37
16,0,-56,44
16,0,-55,38
16,0,-54,32
16,0,-53,53
16,0,-52,43
16,0,-51,31
16,0,-50,47
16,0,-49,35
16,0,-48,60
16,0,-47,51
16,0,-46,45
16,0,-45,49
16,0,-44,54
16,0,-43,49
16,0,-42,46
16,0,-41,51
16,0,-40,54
16,0,-39,42
16,0,-38,42
16,0,-37,32
16,0,-36,47
16,0,-35,35
16,0,-34,35
16,0,-33,41
16,0,-32,36
16,0,-31,37
16,0,-30,31
16,0,-29,43
16,0,-28,19
16,0,-27,22
16,0,-26,22
16,0,-25,26
16,0,-24,21
16,0,-23,22
16,0,-22,18
16,0,-21,17
16,0,-20,18
16,0,-19,17
16,0,-18,17
16,0,-17,16
16,0,-16,20
16,0,-15,19
16,0,-14,19
16,0,-13,17
16,0,-12,15
16,0,-11,17
16,0,-10,16
16,0,-9,17
16,0,-8,15
16,0,-7,15
16,0,-6,16
16,0,-5,17
16,0,-4,16
16,0,-3,14
16,0,-2,15
16,0,-1,8
16,0,0,16
16,0,1,6
16,0,2,12
16,0,3,6
16,0,4,9
16,0,5,6
16,0,6,7
16,0,7,10
16,0,8,5
16,0,9,4
16,0,10,8
16,0,11,8
16,0,12,5
16,0,13,6
16,0,14,11
16,0,15,3
16,0,16,3
16,0,17,8
16,0,18,4
16,0,19,3
16,0,20,4
16,0,21,5
17,0,-60,9
17,0,-59,40
17,0,-58,47
17,0,-57,47
17,0,-56,48
17,0,-55,41
17,0,-54,50
17,0,-53,32
17,0,-52,39
17,0,-51,47
17,0,-50,53
17,0,-49,58
17,0,-48,54
17,0,-47,38
17,0,-46,54
17,0,-45,43
17,0,-44,50
17,0,-43,44
17,0,-42,44
17,0,-41,46
17,0,-40,58
17,0,-39,42
17,0,-38,34
17,0,-37,48
17,0,-36,40
17,0,-35,46
17,0,-34,42
17,0,-33,43
17,0,-32,42
17,0,-31,33
17,0,-30,43
17,0,-29,31
17,0,-28,31
17,0,-27,22
17,0,-26,22
17,0,-25,15
17,0,-24,23
17,0,-23,25
17,0,-22,19
17,0,-21,15
17,0,-20,17
17,0,-19,14
17,0,-18,19
17,0,-17,13
17,0,-16,20
17,0,-15,21
17,0,-14,19
17,0,-13,16
17,0,-12,16
17,0,-11,16
17,0,-10,15
17,0,-9,15
17,0,-8,15
17,0,-7,15
17,0,-6,17
17,0,-5,17
17,0,-4,14
17,0,-3,15
17,0,-2,15
17,0,-1,9
17,0,0,13
17,0,1,10
17,0,2,6
17,0,3,11
17,0,4,4
17,0,5,12
17,0,6,6
17,0,7,4
17,0,8,10
17,0,9,9
17,0,10,7
17,0,11,8
17,0,12,10
17,0,13,4
17,0,14,9
17,0,15,6
17,0,16,2
17,0,17,4
17,0,18,6
17,0,19,6
17,0,20,4
17,0,21,3
18,0,-59,27
18,0,-58,44
18,0,-57,39
18,0,-56,42
18,0,-55,44
18,0,-54,43
18,0,-53,46
18,0,-52,58
18,0,-51,38
18,0,-50,48
18,0,-49,51
18,0,-48,55
18,0,-47,54
18,0,-46,40
18,0,-45,43
18,0,-44,39
18,0,-43,42
18,0,-42,54
18,0,-41,47
18,0,-40,48
18,0,-39,39
18,0,-38,42
18,0,-37,39
18,0,-36,31
18,0,-35,37
18,0,-34,40
18,0,-33,36
18,0,-32,35
18,0,-31,51
18,0,-30,36
18,0,-29,30
18,0,-28,30
18,0,-27,22
18,0,-26,22
18,0,-25,22
18,0,-24,23
18,0,-23,24
18,0,-22,19
18,0,-21,17
18,0,-20,16
18,0,-19,15
18,0,-18,16
18,0,-17,17
18,0,-16,17
18,0,-15,17
18,0,-14,18
18,0,-13,15
18,0,-12,16
18,0,-11,14
18,0,-10,12
18,0,-9,13
18,0,-8,15
18,0,-7,14
18,0,-6,14
18,0,-5,15
18,0,-4,12
18,0,-3,16
18,0,-2,9
18,0,-1,11
18,0,0,18
18,0,1,9
18,0,2,7
18,0,3,5
18,0,4,15
18,0,5,5
18,0,6,8
18,0,7,9
18,0,8,5
18,0,9,10
18,0,10,14
18,0,11,9
18,0,12,5
18,0,13,9
18,0,14,3
18,0,15,5
18,0,16,6
18,0,17,3
18,0,18,2
18,0,19,4
18,0,20,7
18,0,21,5
19,0,-59,14
19,0,-58,21
19,0,-57,38
19,0,-56,29
19,0,-55,57
19,0,-54,50
19,0,-53,42
19,0,-52,37
19,0,-51,48
19,0,-50,45
19,0,-49,48
19,0,-48,47
19,0,-47,39
19,0,-46,58
19,0,-45,56
19,0,-44,56
19,0,-43,55
19,0,-42,48
19,0,-41,46
19,0,-40,54
19,0,-39,55
19,0,-38,39
19,0,-37,45
19,0,-36,46
19,0,-35,51
19,0,-34,39
19,0,-33,39
19,0,-32,54
19,0,-31,35
19,0,-30,45
19,0,-29,38
19,0,-28,28
19,0,-27,21
19,0,-26,26
19,0,-25,14
19,0,-24,21
19,0,-23,21
19,0,-22,15
19,0,-21,20
19,0,-20,20
19,0,-19,19
19,0,-18,18
19,0,-17,16
19,0,-16,17
19,0,-15,15
19,0,-14,15
19,0,-13,14
19,0,-12,17
19,0,-11,11
19,0,-10,14
19,0,-9,11
19,0,-8,12
19,0,-7,14
19,0,-6,14
19,0,-5,11
19,0,-4,13
19,0,-3,13
19,0,-2,9
19,0,-1,13
19,0,0,16
19,0,1,4
19,0,2,8
19,0,3,5
19,0,4,8
19,0,5,11
19,0,6,6
19,0,7,7
19,0,8,15
19,0,9,6
19,0,10,12
19,0,11,9
19,0,12,5
19,0,13,6
19,0,14,5
19,0,15,6
19,0,16,4
19,0,17,6
19,0,18,6
19,0,19,5
19,0,20,4
19,0,21,7
20,0,-59,4
20,0,-58,20
20,0,-57,43
20,0,-56,44
20,0,-55,35
20,0,-54,30
20,0,-53,41
20,0,-52,47
20,0,-51,44
20,0,-50,49
20,0,-49,41
20,0,-48,48
20,0,-47,56
20,0,-46,68
20,0,-45,53
20,0,-44,48
20,0,-43,52
20,0,-42,48
20,0,-41,47
20,0,-40,58
20,0,-39,60
20,0,-38,58
20,0,-37,55
20,0,-36,56
20,0,-35,51
20,0,-34,34
20,0,-33,51
20,0,-32,45
20,0,-31,35
20,0,-30,39
20,0,-29,40
20,0,-28,34
20,0,-27,33
20,0,-26,29
20,0,-25,18
20,0,-24,22
20,0,-23,18
20,0,-22,15
20,0,-21,18
20,0,-20,18
20,0,-19,18
20,0,-18,17
20,0,-17,15
20,0,-16,17
20,0,-15,18
20,0,-14,15
20,0,-13,19
20,0,-12,17
20,0,-11,15
20,0,-10,13
20,0,-9,13
20,0,-8,13
20,0,-7,14
20,0,-6,15
20,0,-5,15
20,0,-4,13
20,0,-3,14
20,0,-2,9
20,0,-1,8
20,0,0,19
20,0,1,8
20,0,2,5
20,0,3,12
20,0,4,6
20,0,5,5
20,0,6,18
20,0,7,8
20,0,8,12
20,0,9,9
20,0,10,12
20,0,11,7
20,0,12,10
20,0,13,4
20,0,14,8
20,0,15,6
20,0,16,6
20,0,17,7
20,0,18,3
20,0,19,7
20,0,20,5
20,0,21,4
21,0,-58,28
21,0,-57,29
21,0,-56,49
21,0,-55,37
21,0,-54,44
21,0,-53,56
21,0,-52,44
21,0,-51,51
21,0,-50,41
21,0,-49,51
21,0,-48,49
21,0,-47,55
21,0,-46,43
21,0,-45,45
21,0,-44,40
21,0,-43,54
21,0,-42,51
21,0,-41,62
21,0,-40,53
21,0,-39,46
21,0,-38,57
21,0,-37,56
21,0,-36,47
21,0,-35,36
21,0,-34,56
21,0,-33,37
21,0,-32,46
21,0,-31,41
21,0,-30,43
21,0,-29,45
21,0,-28,47
21,0,-27,39
21,0,-26,38
21,0,-25,29
21,0,-24,25
21,0,-23,20
21,0,-22,17
21,0,-21,19
21,0,-20,19
21,0,-19,18
21,0,-18,11
21,0,-17,13
21,0,-16,14
21,0,-15,20
21,0,-14,14
21,0,-13,17
21,0,-12,13
21,0,-11,15
21,0,-10,12
21,0,-9,9
21,0,-8,11
21,0,-7,13
21,0,-6,14
21,0,-5,11
21,0,-4,14
21,0,-3,11
21,0,-2,13
21,0,-1,10
21,0,0,19
21,0,1,8
21,0,2,10
21,0,3,7
21,0,4,18
21,0,5,19
21,0,6,6
21,0,7,16
21,0,8,17
21,0,9,8
21,0,10,5
21,0,11,10
21,0,12,8
21,0,13,4
21,0,14,8
21,0,15,8
21,0,16,6
21,0,17,5
21,0,18,7
21,0,19,5
21,0,20,4
21,0,21,6
21,0,22,1
22,0,-58,19
22,0,-57,28
22,0,-56,35
22,0,-55,43
22,0,-54,39
22,0,-53,41
22,0,-52,40
22,0,-51,43
22,0,-50,53
22,0,-49,58
22,0,-48,45
22,0,-47,39
22,0,-46,38
22,0,-45,47
22,0,-44,57
22,0,-43,50
22,0,-42,48
22,0,-41,54
22,0,-40,44
22,0,-39,54
22,0,-38,51
22,0,-37,52
22,0,-36,39
22,0,-35,50
22,0,-34,39
22,0,-33,33
22,0,-32,41
22,0,-31,38
22,0,-30,31
22,0,-29,35
22,0,-28,36
22,0,-27,30
22,0,-26,38
22,0,-25,30
22,0,-24,32
22,0,-23,20
22,0,-22,16
22,0,-21,20
22,0,-20,15
22,0,-19,17
22,0,-18,14
22,0,-17,14
22,0,-16,16
22,0,-15,16
22,0,-14,15
22,0,-13,14
22,0,-12,13
22,0,-11,13
22,0,-10,11
22,0,-9,9
22,0,-8,10
22,0,-7,16
22,0,-6,10
22,0,-5,11
22,0,-4,14
22,0,-3,10
22,0,-2,10
22,0,-1,11
22,0,0,17
22,0,1,7
22,0,2,12
22,0,3,10
22,0,4,4
22,0,5,16
22,0,6,10
22,0,7,8
22,0,8,6
22,0,9,11
22,0,10,10
22,0,11,9
22,0,12,5
22,0,13,13
22,0,14,6
22,0,15,8
22,0,16,4
22,0,17,7
22,0,18,6
22,0,19,5
22,0,20,5
22,0,21,3
23,0,-57,20
23,0,-56,28
23,0,-55,37
23,0,-54,35
23,0,-53,50
23,0,-52,44
23,0,-51,49
23,0,-50,45
23,0,-49,44
23,0,-48,41
23,0,-47,49
23,0,-46,58
23,0,-45,63
23,0,-44,49
23,0,-43,60
23,0,-42,57
23,0,-41,39
23,0,-40,56
23,0,-39,49
23,0,-38,52
23,0,-37,62
23,0,-36,46
23,0,-35,53
23,0,-34,33
23,0,-33,37
23,0,-32,44
23,0,-31,37
23,0,-30,36
23,0,-29,38
23,0,-28,35
23,0,-27,32
23,0,-26,39
23,0,-25,31
23,0,-24,31
23,0,-23,28
23,0,-22,22
23,0,-21,18
23,0,-20,12
23,0,-19,15
23,0,-18,16
23,0,-17,18
23,0,-16,11
23,0,-15,14
23,0,-14,13
23,0,-13,16
23,0,-12,14
23,0,-11,16
23,0,-10,12
23,0,-9,13
23,0,-8,14
23,0,-7,13
23,0,-6,11
23,0,-5,15
23,0,-4,11
23,0,-3,13
23,0,-2,8
23,0,-1,8
23,0,0,17
23,0,1,18
23,0,2,4
23,0,3,9
23,0,4,12
23,0,5,8
23,0,6,4
23,0,7,12
23,0,8,10
23,0,9,9
23,0,10,9
23,0,11,9
23,0,12,8
23,0,13,9
23,0,14,6
23,0,15,10
23,0,16,6
23,0,17,9
23,0,18,7
23,0,19,6
23,0,20,4
23,0,21,4
24,0,-57,14
24,0,-56,18
24,0,-55,35
24,0,-54,32
24,0,-53,55
24,0,-52,36
24,0,-51,32
24,0,-50,48
24,0,-49,56
24,0,-48,48
24,0,-47,58
24,0,-46,47
24,0,-45,57
24,0,-44,62
24,0,-43,45
24,0,-42,37
24,0,-41,55
24,0,-40,57
24,0,-39,48
24,0,-38,50
24,0,-37,42
24,0,-36,59
24,0,-35,50
24,0,-34,38
24,0,-33,51
24,0,-32,31
24,0,-31,39
24,0,-30,46
24,0,-29,39
24,0,-28,30
24,0,-27,40
24,0,-26,30
24,0,-25,32
24,0,-24,36
24,0,-23,23
24,0,-22,31
24,0,-21,31
24,0,-20,19
24,0,-19,20
24,0,-18,16
24,0,-17,19
24,0,-16,17
24,0,-15,15
24,0,-14,14
24,0,-13,16
24,0,-12,14
24,0,-11,14
24,0,-10,13
24,0,-9,11
24,0,-8,13
24,0,-7,14
24,0,-6,8
24,0,-5,14
24,0,-4,11
24,0,-3,12
24,0,-2,11
24,0,-1,9
24,0,0,29
24,0,1,10
24,0,2,13
24,0,3,16
24,0,4,12
24,0,5,14
24,0,6,18
24,0,7,6
24,0,8,9
24,0,9,10
24,0,10,11
24,0,11,9
24,0,12,11
24,0,13,6
24,0,14,13
24,0,15,8
24,0,16,7
24,0,17,7
24,0,18,10
24,0,19,3
24,0,20,5
24,0,21,4
25,0,-57,1
25,0,-56,31
25,0,-55,21
25,0,-54,43
25,0,-53,43
25,0,-52,31
25,0,-51,36
25,0,-50,50
25,0,-49,37
25,0,-48,45
25,0,-47,55
25,0,-46,48
25,0,-45,44
25,0,-44,34
25,0,-43,48
25,0,-42,67
25,0,-41,45
25,0,-40,39
25,0,-39,48
25,0,-38,46
25,0,-37,47
25,0,-36,50
25,0,-35,46
25,0,-34,50
25,0,-33,36
25,0,-32,38
25,0,-31,44
25,0,-30,37
25,0,-29,38
25,0,-28,39
25,0,-27,28
25,0,-26,32
25,0,-25,33
25,0,-24,35
25,0,-23,36
25,0,-22,36
25,0,-21,27
25,0,-20,33
25,0,-19,15
25,0,-18,28
25,0,-17,21
25,0,-16,22
25,0,-15,12
25,0,-14,17
25,0,-13,12
25,0,-12,12
25,0,-11,11
25,0,-10,16
25,0,-9,15
25,0,-8,17
25,0,-7,6
25,0,-6,15
25,0,-5,8
25,0,-4,13
25,0,-3,8
25,0,-2,18
25,0,-1,14
25,0,0,24
25,0,1,20
25,0,2,16
25,0,3,19
25,0,4,13
25,0,5,8
25,0,6,10
25,0,7,7
25,0,8,14
25,0,9,9
25,0,10,12
25,0,11,8
25,0,12,6
25,0,13,8
25,0,14,7
25,0,15,15
25,0,16,9
25,0,17,8
25,0,18,5
25,0,19,5
25,0,20,4
25,0,21,5
26,0,-56,20
26,0,-55,26
26,0,-54,28
26,0,-53,32
26,0,-52,27
26,0,-51,62
26,0,-50,43
26,0,-49,41
26,0,-48,33
26,0,-47,49
26,0,-46,27
26,0,-45,43
26,0,-44,55
26,0,-43,48
26,0,-42,50
26,0,-41,47
26,0,-40,43
26,0,-39,37
26,0,-38,50
26,0,-37,51
26,0,-36,54
26,0,-35,33
26,0,-34,58
26,0,-33,45
26,0,-32,52
26,0,-31,38
26,0,-30,34
26,0,-29,35
26,0,-28,37
26,0,-27,29
26,0,-26,31
26,0,-25,35
26,0,-24,25
26,0,-23,40
26,0,-22,33
26,0,-21,40
26,0,-20,33
26,0,-19,30
26,0,-18,36
26,0,-17,18
26,0,-16,28
26,0,-15,22
26,0,-14,24
26,0,-13,14
26,0,-12,18
26,0,-11,14
26,0,-10,14
26,0,-9,9
26,0,-8,14
26,0,-7,13
26,0,-6,17
26,0,-5,14
26,0,-4,17
26,0,-3,17
26,0,-2,16
26,0,-1,26
26,0,0,37
26,0,1,24
26,0,2,17
26,0,3,14
26,0,4,17
26,0,5,15
26,0,6,14
26,0,7,11
26,0,8,14
26,0,9,9
26,0,10,8
26,0,11,9
26,0,12,8
26,0,13,11
26,0,14,10
26,0,15,11
26,0,16,6
26,0,17,9
26,0,18,4
26,0,19,8
26,0,20,2
26,0,21,4
27,0,-56,1
27,0,-55,21
27,0,-54,25
27,0,-53,21
27,0,-52,34
27,0,-51,48
27,0,-50,39
27,0,-49,41
27,0,-48,46
27,0,-47,49
27,0,-46,42
27,0,-45,37
27,0,-44,45
27,0,-43,46
27,0,-42,51
27,0,-41,57
27,0,-40,24
27,0,-39,54
27,0,-38,43
27,0,-37,60
27,0,-36,32
27,0,-35,49
27,0,-34,51
27,0,-33,43
27,0,-32,51
27,0,-31,45
27,0,-30,41
27,0,-29,31
27,0,-28,35
27,0,-27,30
27,0,-26,43
27,0,-25,30
27,0,-24,41
27,0,-23,28
27,0,-22,23
27,0,-21,36
27,0,-20,26
27,0,-19,38
27,0,-18,17
27,0,-17,34
27,0,-16,25
27,0,-15,29
27,0,-14,28
27,0,-13,28
27,0,-12,23
27,0,-11,15
27,0,-10,27
27,0,-9,20
27,0,-8,22
27,0,-7,13
27,0,-6,12
27,0,-5,27
27,0,-4,19
27,0,-3,27
27,0,-2,20
27,0,-1,18
27,0,0,41
27,0,1,17
27,0,2,23
27,0,3,18
27,0,4,12
27,0,5,15
27,0,6,15
27,0,7,11
27,0,8,11
27,0,9,11
27,0,10,8
27,0,11,8
27,0,12,15
27,0,13,10
27,0,14,12
27,0,15,9
27,0,16,8
27,0,17,4
27,0,18,5
27,0,19,7
27,0,20,2
27,0,21,5
28,0,-55,7
28,0,-54,19
28,0,-53,32
28,0,-52,27
28,0,-51,38
28,0,-50,46
28,0,-49,40
28,0,-48,36
28,0,-47,41
28,0,-46,45
28,0,-45,27
28,0,-44,54
28,0,-43,38
28,0,-42,37
28,0,-41,47
28,0,-40,42
28,0,-39,64
28,0,-38,37
28,0,-37,49
28,0,-36,45
28,0,-35,55
28,0,-34,48
28,0,-33,54
28,0,-32,49
28,0,-31,67
28,0,-30,31
28,0,-29,35
28,0,-28,39
28,0,-27,38
28,0,-26,27
28,0,-25,38
28,0,-24,29
28,0,-23,15
28,0,-22,30
28,0,-21,30
28,0,-20,23
28,0,-19,29
28,0,-18,24
28,0,-17,37
28,0,-16,36
28,0,-15,29
28,0,-14,33
28,0,-13,24
28,0,-12,26
28,0,-11,32
28,0,-10,20
28,0,-9,28
28,0,-8,23
28,0,-7,22
28,0,-6,24
28,0,-5,23
28,0,-4,22
28,0,-3,28
28,0,-2,27
28,0,-1,24
28,0,0,42
28,0,1,23
28,0,2,12
28,0,3,12
28,0,4,13
28,0,5,15
28,0,6,12
28,0,7,9
28,0,8,9
28,0,9,7
28,0,10,11
28,0,11,16
28,0,12,7
28,0,13,15
28,0,14,10
28,0,15,8
28,0,16,7
28,0,17,8
28,0,18,3
28,0,19,4
28,0,20,6
28,0,21,1
29,0,-54,28
29,0,-53,23
29,0,-52,26
29,0,-51,25
29,0,-50,30
29,0,-49,34
29,0,-48,37
29,0,-47,46
29,0,-46,42
29,0,-45,41
29,0,-44,46
29,0,-43,35
29,0,-42,41
29,0,-41,46
29,0,-40,39
29,0,-39,44
29,0,-38,35
29,0,-37,37
29,0,-36,48
29,0,-35,47
29,0,-34,51
29,0,-33,38
29,0,-32,45
29,0,-31,47
29,0,-30,32
29,0,-29,37
29,0,-28,37
29,0,-27,30
29,0,-26,28
29,0,-25,29
29,0,-24,26
29,0,-23,30
29,0,-22,24
29,0,-21,21
29,0,-20,27
29,0,-19,32
29,0,-18,31
29,0,-17,24
29,0,-16,22
29,0,-15,21
29,0,-14,36
29,0,-13,32
29,0,-12,36
29,0,-11,20
29,0,-10,32
29,0,-9,23
29,0,-8,33
29,0,-7,32
29,0,-6,20
29,0,-5,25
29,0,-4,21
29,0,-3,22
29,0,-2,20
29,0,-1,15
29,0,0,33
29,0,1,15
29,0,2,17
29,0,3,17
29,0,4,12
29,0,5,15
29,0,6,12
29,0,7,19
29,0,8,14
29,0,9,15
29,0,10,11
29,0,11,19
29,0,12,13
29,0,13,7
29,0,14,13
29,0,15,5
29,0,16,5
29,0,17,5
29,0,18,6
29,0,19,4
29,0,20,1
30,0,-54,7
30,0,-53,36
30,0,-52,28
30,0,-51,22
30,0,-50,33
30,0,-49,45
30,0,-48,42
30,0,-47,47
30,0,-46,38
30,0,-45,42
30,0,-44,42
30,0,-43,28
30,0,-42,56
30,0,-41,42
30,0,-40,41
30,0,-39,30
30,0,-38,45
30,0,-37,48
30,0,-36,49
30,0,-35,25
30,0,-34,40
30,0,-33,37
30,0,-32,41
30,0,-31,41
30,0,-30,28
30,0,-29,44
30,0,-28,38
30,0,-27,37
30,0,-26,28
30,0,-25,28
30,0,-24,28
30,0,-23,24
30,0,-22,34
30,0,-21,20
30,0,-20,30
30,0,-19,29
30,0,-18,29
30,0,-17,24
30,0,-16,33
30,0,-15,39
30,0,-14,20
30,0,-13,22
30,0,-12,17
30,0,-11,19
30,0,-10,15
30,0,-9,19
30,0,-8,14
30,0,-7,18
30,0,-6,19
30,0,-5,18
30,0,-4,21
30,0,-3,19
30,0,-2,23
30,0,-1,16
30,0,0,25
30,0,1,20
30,0,2,10
30,0,3,13
30,0,4,20
30,0,5,14
30,0,6,12
30,0,7,15
30,0,8,12
30,0,9,9
30,0,10,12
30,0,11,9
30,0,12,14
30,0,13,7
30,0,14,9
30,0,15,8
30,0,16,8
30,0,17,6
30,0,18,5
30,0,19,3
30,0,20,5
31,0,-53,12
31,0,-52,15
31,0,-51,22
31,0,-50,25
31,0,-49,36
31,0,-48,36
31,0,-47,37
31,0,-46,46
31,0,-45,46
31,0,-44,36
31,0,-43,40
31,0,-42,42
31,0,-41,38
31,0,-40,47
31,0,-39,46
31,0,-38,39
31,0,-37,44
31,0,-36,37
31,0,-35,44
31,0,-34,29
31,0,-33,57
31,0,-32,39
31,0,-31,43
31,0,-30,38
31,0,-29,44
31,0,-28,46
31,0,-27,37
31,0,-26,33
31,0,-25,37
31,0,-24,34
31,0,-23,36
31,0,-22,31
31,0,-21,29
31,0,-20,31
31,0,-19,26
31,0,-18,32
31,0,-17,21
31,0,-16,25
31,0,-15,25
31,0,-14,21
31,0,-13,30
31,0,-12,23
31,0,-11,33
31,0,-10,17
31,0,-9,14
31,0,-8,25
31,0,-7,14
31,0,-6,20
31,0,-5,21
31,0,-4,20
31,0,-3,17
31,0,-2,24
31,0,-1,22
31,0,0,33
31,0,1,22
31,0,2,18
31,0,3,14
31,0,4,14
31,0,5,15
31,0,6,25
31,0,7,14
31,0,8,14
31,0,9,17
31,0,10,23
31,0,11,9
31,0,12,10
31,0,13,14
31,0,14,6
31,0,15,6
31,0,16,9
31,0,17,6
31,0,18,6
31,0,19,1
31,0,20,3
32,0,-53,1
32,0,-52,17
32,0,-51,31
32,0,-50,27
32,0,-49,20
32,0,-48,31
32,0,-47,37
32,0,-46,29
32,0,-45,27
32,0,-44,58
32,0,-43,44
32,0,-42,47
32,0,-41,40
32,0,-40,34
32,0,-39,38
32,0,-38,51
32,0,-37,44
32,0,-36,41
32,0,-35,37
32,0,-34,37
32,0,-33,42
32,0,-32,30
32,0,-31,32
32,0,-30,40
32,0,-29,52
32,0,-28,34
32,0,-27,41
32,0,-26,45
32,0,-25,34
32,0,-24,39
32,0,-23,34
32,0,-22,34
32,0,-21,36
32,0,-20,37
32,0,-19,29
32,0,-18,32
32,0,-17,21
32,0,-16,26
32,0,-15,18
32,0,-14,24
32,0,-13,24
32,0,-12,22
32,0,-11,23
32,0,-10,21
32,0,-9,20
32,0,-8,16
32,0,-7,25
32,0,-6,19
32,0,-5,24
32,0,-4,17
32,0,-3,17
32,0,-2,20
32,0,-1,16
32,0,0,32
32,0,1,15
32,0,2,12
32,0,3,11
32,0,4,17
32,0,5,17
32,0,6,19
32,0,7,16
32,0,8,20
32,0,9,11
32,0,10,12
32,0,11,13
32,0,12,14
32,0,13,10
32,0,14,6
32,0,15,6
32,0,16,6
32,0,17,4
32,0,18,5
32,0,19,6
33,0,-52,8
33,0,-51,31
33,0,-50,25
33,0,-49,27
33,0,-48,24
33,0,-47,18
33,0,-46,38
33,0,-45,30
33,0,-44,37
33,0,-43,48
33,0,-42,35
33,0,-41,37
33,0,-40,35
33,0,-39,52
33,0,-38,42
33,0,-37,45
33,0,-36,31
33,0,-35,33
33,0,-34,52
33,0,-33,32
33,0,-32,32
33,0,-31,50
33,0,-30,51
33,0,-29,40
33,0,-28,38
33,0,-27,52
33,0,-26,49
33,0,-25,39
33,0,-24,49
33,0,-23,37
33,0,-22,31
33,0,-21,32
33,0,-20,39
33,0,-19,29
33,0,-18,22
33,0,-17,25
33,0,-16,33
33,0,-15,25
33,0,-14,23
33,0,-13,22
33,0,-12,26
33,0,-11,17
33,0,-10,24
33,0,-9,18
33,0,-8,29
33,0,-7,23
33,0,-6,19
33,0,-5,22
33,0,-4,14
33,0,-3,28
33,0,-2,15
33,0,-1,18
33,0,0,27
33,0,1,22
33,0,2,14
33,0,3,19
33,0,4,18
33,0,5,14
33,0,6,22
33,0,7,14
33,0,8,19
33,0,9,20
33,0,10,16
33,0,11,11
33,0,12,7
33,0,13,7
33,0,14,8
33,0,15,6
33,0,16,7
33,0,17,8
33,0,18,2
33,0,19,3
34,0,-51,9
34,0,-50,34
34,0,-49,24
34,0,-48,21
34,0,-47,22
34,0,-46,41
34,0,-45,37
34,0,-44,30
34,0,-43,41
34,0,-42,28
34,0,-41,44
34,0,-40,49
34,0,-39,59
34,0,-38,35
34,0,-37,39
34,0,-36,38
34,0,-35,54
34,0,-34,32
34,0,-33,42
34,0,-32,28
34,0,-31,46
34,0,-30,34
34,0,-29,34
34,0,-28,46
34,0,-27,47
34,0,-26,40
34,0,-25,39
34,0,-24,44
34,0,-23,52
34,0,-22,38
34,0,-21,34
34,0,-20,30
34,0,-19,28
34,0,-18,29
34,0,-17,29
34,0,-16,27
34,0,-15,34
34,0,-14,29
34,0,-13,33
34,0,-12,26
34,0,-11,23
34,0,-10,32
34,0,-9,23
34,0,-8,27
34,0,-7,19
34,0,-6,29
34,0,-5,26
34,0,-4,27
34,0,-3,24
34,0,-2,20
34,0,-1,18
34,0,0,31
34,0,1,16
34,0,2,23
34,0,3,19
34,0,4,21
34,0,5,15
34,0,6,15
34,0,7,19
34,0,8,13
34,0,9,13
34,0,10,11
34,0,11,12
34,0,12,10
34,0,13,6
34,0,14,10
34,0,15,4
34,0,16,6
34,0,17,4
34,0,18,7
35,0,-50,13
35,0,-49,16
35,0,-48,31
35,0,-47,21
35,0,-46,26
35,0,-45,26
35,0,-44,29
35,0,-43,19
35,0,-42,23
35,0,-41,31
35,0,-40,33
35,0,-39,29
35,0,-38,38
35,0,-37,47
35,0,-36,43
35,0,-35,52
35,0,-34,27
35,0,-33,43
35,0,-32,32
35,0,-31,30
35,0,-30,30
35,0,-29,36
35,0,-28,32
35,0,-27,33
35,0,-26,32
35,0,-25,34
35,0,-24,42
35,0,-23,35
35,0,-22,36
35,0,-21,37
35,0,-20,38
35,0,-19,28
35,0,-18,34
35,0,-17,23
35,0,-16,34
35,0,-15,31
35,0,-14,25
35,0,-13,28
35,0,-12,22
35,0,-11,33
35,0,-10,18
35,0,-9,23
35,0,-8,27
35,0,-7,20
35,0,-6,26
35,0,-5,26
35,0,-4,27
35,0,-3,30
35,0,-2,26
35,0,-1,22
35,0,0,39
35,0,1,18
35,0,2,17
35,0,3,16
35,0,4,21
35,0,5,12
35,0,6,13
35,0,7,13
35,0,8,22
35,0,9,16
35,0,10,12
35,0,11,10
35,0,12,8
35,0,13,10
35,0,14,4
35,0,15,8
35,0,16,5
35,0,17,4
35,0,18,4
36,0,-49,19
36,0,-48,31
36,0,-47,28
36,0,-46,24
36,0,-45,21
36,0,-44,21
36,0,-43,25
36,0,-42,29
36,0,-41,37
36,0,-40,33
36,0,-39,29
36,0,-38,36
36,0,-37,31
36,0,-36,42
36,0,-35,29
36,0,-34,43
36,0,-33,41
36,0,-32,53
36,0,-31,21
36,0,-30,43
36,0,-29,44
36,0,-28,27
36,0,-27,48
36,0,-26,36
36,0,-25,46
36,0,-24,44
36,0,-23,35
36,0,-22,38
36,0,-21,43
36,0,-20,31
36,0,-19,34
36,0,-18,47
36,0,-17,34
36,0,-16,36
36,0,-15,23
36,0,-14,31
36,0,-13,38
36,0,-12,38
36,0,-11,29
36,0,-10,35
36,0,-9,26
36,0,-8,33
36,0,-7,24
36,0,-6,37
36,0,-5,27
36,0,-4,32
36,0,-3,20
36,0,-2,19
36,0,-1,28
36,0,0,38
36,0,1,19
36,0,2,20
36,0,3,18
36,0,4,16
36,0,5,21
36,0,6,13
36,0,7,20
36,0,8,10
36,0,9,16
36,0,10,6
36,0,11,9
36,0,12,5
36,0,13,7
36,0,14,8
36,0,15,2
36,0,16,5
36,0,17,5
37,0,-49,2
37,0,-48,26
37,0,-47,29
37,0,-46,27
37,0,-45,22
37,0,-44,20
37,0,-43,33
37,0,-42,30
37,0,-41,43
37,0,-40,20
37,0,-39,27
37,0,-38,24
37,0,-37,47
37,0,-36,31
37,0,-35,28
37,0,-34,30
37,0,-33,38
37,0,-32,42
37,0,-31,33
37,0,-30,37
37,0,-29,34
37,0,-28,28
37,0,-27,39
37,0,-26,34
37,0,-25,36
37,0,-24,45
37,0,-23,34
37,0,-22,39
37,0,-21,34
37,0,-20,33
37,0,-19,43
37,0,-18,38
37,0,-17,31
37,0,-16,38
37,0,-15,42
37,0,-14,37
37,0,-13,31
37,0,-12,46
37,0,-11,26
37,0,-10,39
37,0,-9,25
37,0,-8,33
37,0,-7,28
37,0,-6,36
37,0,-5,29
37,0,-4,29
37,0,-3,35
37,0,-2,27
37,0,-1,35
37,0,0,47
37,0,1,19
37,0,2,18
37,0,3,16
37,0,4,17
37,0,5,11
37,0,6,13
37,0,7,15
37,0,8,11
37,0,9,11
37,0,10,12
37,0,11,5
37,0,12,9
37,0,13,4
37,0,14,5
37,0,15,5
37,0,16,3
37,0,17,4
38,0,-48,4
38,0,-47,21
38,0,-46,21
38,0,-45,28
38,0,-44,16
38,0,-43,23
38,0,-42,20
38,0,-41,22
38,0,-40,19
38,0,-39,25
38,0,-38,26
38,0,-37,31
38,0,-36,31
38,0,-35,26
38,0,-34,39
38,0,-33,32
38,0,-32,27
38,0,-31,41
38,0,-30,40
38,0,-29,42
38,0,-28,44
38,0,-27,30
38,0,-26,37
38,0,-25,28
38,0,-24,29
38,0,-23,25
38,0,-22,39
38,0,-21,24
38,0,-20,35
38,0,-19,38
38,0,-18,26
38,0,-17,40
38,0,-16,31
38,0,-15,41
38,0,-14,29
38,0,-13,31
38,0,-12,31
38,0,-11,28
38,0,-10,24
38,0,-9,27
38,0,-8,31
38,0,-7,25
38,0,-6,29
38,0,-5,27
38,0,-4,25
38,0,-3,24
38,0,-2,33
38,0,-1,18
38,0,0,41
38,0,1,22
38,0,2,21
38,0,3,11
38,0,4,15
38,0,5,7
38,0,6,14
38,0,7,8
38,0,8,9
38,0,9,7
38,0,10,7
38,0,11,10
38,0,12,4
38,0,13,7
38,0,14,5
38,0,15,5
38,0,16,2
38,0,17,1
39,0,-47,5
39,0,-46,20
39,0,-45,32
39,0,-44,24
39,0,-43,21
39,0,-42,23
39,0,-41,15
39,0,-40,24
39,0,-39,28
39,0,-38,34
39,0,-37,31
39,0,-36,22
39,0,-35,26
39,0,-34,28
39,0,-33,31
39,0,-32,26
39,0,-31,25
39,0,-30,37
39,0,-29,28
39,0,-28,31
39,0,-27,39
39,0,-26,43
39,0,-25,29
39,0,-24,41
39,0,-23,32
39,0,-22,30
39,0,-21,33
39,0,-20,34
39,0,-19,33
39,0,-18,35
39,0,-17,26
39,0,-16,34
39,0,-15,39
39,0,-14,29
39,0,-13,37
39,0,-12,35
39,0,-11,29
39,0,-10,30
39,0,-9,31
39,0,-8,30
39,0,-7,25
39,0,-6,38
39,0,-5,27
39,0,-4,27
39,0,-3,26
39,0,-2,14
39,0,-1,18
39,0,0,39
39,0,1,21
39,0,2,15
39,0,3,17
39,0,4,10
39,0,5,20
39,0,6,13
39,0,7,11
39,0,8,7
39,0,9,8
39,0,10,7
39,0,11,7
39,0,12,6
39,0,13,6
39,0,14,5
39,0,15,3
39,0,16,4
40,0,-46,9
40,0,-45,28
40,0,-44,30
40,0,-43,26
40,0,-42,26
40,0,-41,19
40,0,-40,27
40,0,-39,20
40,0,-38,22
40,0,-37,17
40,0,-36,21
40,0,-35,33
40,0,-34,40
40,0,-33,20
40,0,-32,27
40,0,-31,28
40,0,-30,32
40,0,-29,26
40,0,-28,22
40,0,-27,26
40,0,-26,25
40,0,-25,25
40,0,-24,22
40,0,-23,34
40,0,-22,32
40,0,-21,27
40,0,-20,26
40,0,-19,31
40,0,-18,23
40,0,-17,31
40,0,-16,31
40,0,-15,30
40,0,-14,30
40,0,-13,35
40,0,-12,38
40,0,-11,24
40,0,-10,28
40,0,-9,28
40,0,-8,22
40,0,-7,26
40,0,-6,28
40,0,-5,22
40,0,-4,27
40,0,-3,29
40,0,-2,32
40,0,-1,26
40,0,0,34
40,0,1,22
40,0,2,17
40,0,3,10
40,0,4,13
40,0,5,5
40,0,6,10
40,0,7,10
40,0,8,10
40,0,9,6
40,0,10,7
40,0,11,5
40,0,12,5
40,0,13,2
40,0,14,6
40,0,15,4
41,0,-45,3
41,0,-44,23
41,0,-43,20
41,0,-42,18
41,0,-41,25
41,0,-40,21
41,0,-39,14
41,0,-38,19
41,0,-37,17
41,0,-36,17
41,0,-35,30
41,0,-34,24
41,0,-33,17
41,0,-32,29
41,0,-31,28
41,0,-30,27
41,0,-29,22
41,0,-28,24
41,0,-27,32
41,0,-26,14
41,0,-25,25
41,0,-24,19
41,0,-23,39
41,0,-22,19
41,0,-21,14
41,0,-20,28
41,0,-19,28
41,0,-18,19
41,0,-17,28
41,0,-16,18
41,0,-15,22
41,0,-14,21
41,0,-13,21
41,0,-12,14
41,0,-11,26
41,0,-10,14
41,0,-9,27
41,0,-8,18
41,0,-7,21
41,0,-6,16
41,0,-5,17
41,0,-4,22
41,0,-3,11
41,0,-2,15
41,0,-1,15
41,0,0,27
41,0,1,11
41,0,2,9
41,0,3,16
41,0,4,9
41,0,5,10
41,0,6,8
41,0,7,11
41,0,8,7
41,0,9,7
41,0,10,6
41,0,11,7
41,0,12,5
41,0,13,7
41,0,14,1
41,0,15,2
42,0,-44,4
42,0,-43,19
42,0,-42,26
42,0,-41,25
42,0,-40,27
42,0,-39,22
42,0,-38,18
42,0,-37,21
42,0,-36,18
42,0,-35,22
42,0,-34,30
42,0,-33,16
42,0,-32,35
42,0,-31,24
42,0,-30,24
42,0,-29,34
42,0,-28,29
42,0,-27,32
42,0,-26,22
42,0,-25,25
42,0,-24,24
42,0,-23,24
42,0,-22,32
42,0,-21,20
42,0,-20,22
42,0,-19,23
42,0,-18,11
42,0,-17,19
42,0,-16,30
42,0,-15,30
42,0,-14,20
42,0,-13,26
42,0,-12,18
42,0,-11,20
42,0,-10,26
42,0,-9,19
42,0,-8,18
42,0,-7,22
42,0,-6,24
42,0,-5,16
42,0,-4,15
42,0,-3,20
42,0,-2,23
42,0,-1,8
42,0,0,26
42,0,1,15
42,0,2,12
42,0,3,6
42,0,4,9
42,0,5,8
42,0,6,7
42,0,7,3
42,0,8,7
42,0,9,8
42,0,10,5
42,0,11,6
42,0,12,5
42,0,13,5
42,0,14,2
43,0,-43,1
43,0,-42,20
43,0,-41,32
43,0,-40,35
43,0,-39,19
43,0,-38,18
43,0,-37,19
43,0,-36,22
43,0,-35,20
43,0,-34,15
43,0,-33,16
43,0,-32,22
43,0,-31,20
43,0,-30,21
43,0,-29,35
43,0,-28,35
43,0,-27,21
43,0,-26,20
43,0,-25,17
43,0,-24,30
43,0,-23,31
43,0,-22,21
43,0,-21,29
43,0,-20,19
43,0,-19,18
43,0,-18,25
43,0,-17,21
43,0,-16,28
43,0,-15,19
43,0,-14,17
43,0,-13,27
43,0,-12,21
43,0,-11,13
43,0,-10,12
43,0,-9,21
43,0,-8,9
43,0,-7,12
43,0,-6,15
43,0,-5,14
43,0,-4,12
43,0,-3,11
43,0,-2,15
43,0,-1,15
43,0,0,19
43,0,1,12
43,0,2,7
43,0,3,11
43,0,4,8
43,0,5,13
43,0,6,5
43,0,7,12
43,0,8,6
43,0,9,3
43,0,10,7
43,0,11,5
43,0,12,5
43,0,13,1
44,0,-41,14
44,0,-40,17
44,0,-39,19
44,0,-38,33
44,0,-37,21
44,0,-36,17
44,0,-35,17
44,0,-34,19
44,0,-33,20
44,0,-32,18
44,0,-31,23
44,0,-30,16
44,0,-29,11
44,0,-28,20
44,0,-27,28
44,0,-26,33
44,0,-25,28
44,0,-24,26
44,0,-23,39
44,0,-22,19
44,0,-21,19
44,0,-20,34
44,0,-19,25
44,0,-18,30
44,0,-17,23
44,0,-16,22
44,0,-15,23
44,0,-14,11
44,0,-13,23
44,0,-12,19
44,0,-11,16
44,0,-10,16
44,0,-9,13
44,0,-8,18
44,0,-7,18
44,0,-6,14
44,0,-5,14
44,0,-4,12
44,0,-3,12
44,0,-2,9
44,0,-1,11
44,0,0,18
44,0,1,13
44,0,2,13
44,0,3,6
44,0,4,7
44,0,5,8
44,0,6,11
44,0,7,2
44,0,8,10
44,0,9,4
44,0,10,3
44,0,11,7
44,0,12,1
45,0,-40,5
45,0,-39,27
45,0,-38,25
45,0,-37,26
45,0,-36,21
45,0,-35,20
45,0,-34,20
45,0,-33,28
45,0,-32,17
45,0,-31,15
45,0,-30,15
45,0,-29,19
45,0,-28,18
45,0,-27,20
45,0,-26,15
45,0,-25,17
45,0,-24,18
45,0,-23,31
45,0,-22,17
45,0,-21,35
45,0,-20,30
45,0,-19,25
45,0,-18,23
45,0,-17,23
45,0,-16,28
45,0,-15,28
45,0,-14,25
45,0,-13,26
45,0,-12,23
45,0,-11,16
45,0,-10,15
45,0,-9,18
45,0,-8,15
45,0,-7,17
45,0,-6,14
45,0,-5,13
45,0,-4,9
45,0,-3,10
45,0,-2,16
45,0,-1,17
45,0,0,14
45,0,1,7
45,0,2,9
45,0,3,9
45,0,4,5
45,0,5,7
45,0,6,4
45,0,7,9
45,0,8,2
45,0,9,6
45,0,10,5
46,0,-39,2
46,0,-38,24
46,0,-37,31
46,0,-36,21
46,0,-35,10
46,0,-34,24
46,0,-33,14
46,0,-32,19
46,0,-31,16
46,0,-30,17
46,0,-29,18
46,0,-28,18
46,0,-27,23
46,0,-26,10
46,0,-25,18
46,0,-24,14
46,0,-23,20
46,0,-22,15
46,0,-21,20
46,0,-20,21
46,0,-19,16
46,0,-18,28
46,0,-17,26
46,0,-16,15
46,0,-15,23
46,0,-14,26
46,0,-13,36
46,0,-12,23
46,0,-11,8
46,0,-10,17
46,0,-9,16
46,0,-8,18
46,0,-7,10
46,0,-6,11
46,0,-5,11
46,0,-4,13
46,0,-3,14
46,0,-2,9
46,0,-1,8
46,0,0,22
46,0,1,7
46,0,2,9
46,0,3,15
46,0,4,6
46,0,5,5
46,0,6,8
46,0,7,3
46,0,8,6
46,0,9,2
46,0,10,4
47,0,-37,10
47,0,-36,17
47,0,-35,25
47,0,-34,23
47,0,-33,23
47,0,-32,19
47,0,-31,17
47,0,-30,19
47,0,-29,23
47,0,-28,17
47,0,-27,18
47,0,-26,9
47,0,-25,20
47,0,-24,18
47,0,-23,22
47,0,-22,10
47,0,-21,14
47,0,-20,15
47,0,-19,18
47,0,-18,16
47,0,-17,19
47,0,-16,14
47,0,-15,12
47,0,-14,16
47,0,-13,21
47,0,-12,10
47,0,-11,9
47,0,-10,18
47,0,-9,12
47,0,-8,11
47,0,-7,7
47,0,-6,15
47,0,-5,10
47,0,-4,11
47,0,-3,6
47,0,-2,17
47,0,-1,10
47,0,0,17
47,0,1,11
47,0,2,8
47,0,3,5
47,0,4,10
47,0,5,5
47,0,6,5
47,0,7,6
47,0,8,4
47,0,9,1
48,0,-36,3
48,0,-35,21
48,0,-34,32
48,0,-33,26
48,0,-32,17
48,0,-31,15
48,0,-30,19
48,0,-29,18
48,0,-28,18
48,0,-27,10
48,0,-26,14
48,0,-25,21
48,0,-24,15
48,0,-23,17
48,0,-22,7
48,0,-21,20
48,0,-20,13
48,0,-19,20
48,0,-18,9
48,0,-17,13
48,0,-16,13
48,0,-15,17
48,0,-14,14
48,0,-13,9
48,0,-12,18
48,0,-11,16
48,0,-10,12
48,0,-9,10
48,0,-8,9
48,0,-7,14
48,0,-6,15
48,0,-5,8
48,0,-4,10
48,0,-3,12
48,0,-2,10
48,0,-1,8
48,0,0,21
48,0,1,7
48,0,2,6
48,0,3,8
48,0,4,5
48,0,5,6
48,0,6,5
48,0,7,5
48,0,8,2
49,0,-34,5
49,0,-33,17
49,0,-32,20
49,0,-31,22
49,0,-30,21
49,0,-29,26
49,0,-28,16
49,0,-27,18
49,0,-26,17
49,0,-25,18
49,0,-24,12
49,0,-23,12
49,0,-22,14
49,0,-21,19
49,0,-20,13
49,0,-19,17
49,0,-18,5
49,0,-17,25
49,0,-16,15
49,0,-15,19
49,0,-14,11
49,0,-13,16
49,0,-12,10
49,0,-11,16
49,0,-10,9
49,0,-9,8
49,0,-8,12
49,0,-7,15
49,0,-6,7
49,0,-5,8
49,0,-4,13
49,0,-3,12
49,0,-2,9
49,0,-1,9
49,0,0,14
49,0,1,8
49,0,2,6
49,0,3,3
49,0,4,6
49,0,5,4
49,0,6,1
50,0,-32,7
50,0,-31,26
50,0,-30,30
50,0,-29,29
50,0,-28,17
50,0,-27,17
50,0,-26,22
50,0,-25,19
50,0,-24,17
50,0,-23,14
50,0,-22,15
50,0,-21,21
50,0,-20,16
50,0,-19,8
50,0,-18,12
50,0,-17,16
50,0,-16,13
50,0,-15,16
50,0,-14,10
50,0,-13,18
50,0,-12,14
50,0,-11,14
50,0,-10,7
50,0,-9,14
50,0,-8,10
50,0,-7,8
50,0,-6,11
50,0,-5,13
50,0,-4,8
50,0,-3,10
50,0,-2,11
50,0,-1,9
50,0,0,14
50,0,1,8
50,0,2,3
50,0,3,5
50,0,4,5
51,0,-30,5
51,0,-29,13
51,0,-28,19
51,0,-27,21
51,0,-26,27
51,0,-25,17
51,0,-24,18
51,0,-23,7
51,0,-22,18
51,0,-21,18
51,0,-20,15
51,0,-19,17
51,0,-18,12
51,0,-17,17
51,0,-16,11
51,0,-15,8
51,0,-14,11
51,0,-13,16
51,0,-12,11
51,0,-11,10
51,0,-10,11
51,0,-9,9
51,0,-8,7
51,0,-7,11
51,0,-6,10
51,0,-5,8
51,0,-4,8
51,0,-3,7
51,0,-2,7
51,0,-1,4
51,0,0,11
51,0,1,2
51,0,2,5
52,0,-28,5
52,0,-27,15
52,0,-26,19
52,0,-25,26
52,0,-24,10
52,0,-23,22
52,0,-22,14
52,0,-21,22
52,0,-20,17
52,0,-19,9
52,0,-18,14
52,0,-17,19
52,0,-16,13
52,0,-15,15
52,0,-14,13
52,0,-13,11
52,0,-12,10
52,0,-11,11
52,0,-10,12
52,0,-9,6
52,0,-8,10
52,0,-7,7
52,0,-6,9
52,0,-5,8
52,0,-4,8
52,0,-3,10
52,0,-2,8
52,0,-1,7
52,0,0,7
52,0,1,2
53,0,-25,5
53,0,-24,11
53,0,-23,19
53,0,-22,28
53,0,-21,25
53,0,-20,15
53,0,-19,7
53,0,-18,13
53,0,-17,18
53,0,-16,15
53,0,-15,9
53,0,-14,17
53,0,-13,16
53,0,-12,15
53,0,-11,8
53,0,-10,9
53,0,-9,13
53,0,-8,8
53,0,-7,9
53,0,-6,7
53,0,-5,11
53,0,-4,3
53,0,-3,9
53,0,-2,6
53,0,-1,2
53,0,0,1
54,0,-22,2
54,0,-21,4
54,0,-20,9
54,0,-19,12
54,0,-18,20
54,0,-17,21
54,0,-16,16
54,0,-15,11
54,0,-14,15
54,0,-13,19
54,0,-12,17
54,0,-11,8
54,0,-10,8
54,0,-9,7
54,0,-8,16
54,0,-7,8
54,0,-6,3
54,0,-5,3
54,0,-4,4
55,0,-17,2
55,0,-16,4
55,0,-15,2
55,0,-14,6
55,0,-13,9
55,0,-12,6
55,0,-10,6
55,0,-9,2
